ScenarioKey,Block,Network,Demand,Goodwill,Backlog,MARL,Seed,Profit,FillRate,ServiceLevel,AvgInv,Unfulfilled,Revenue,HoldingCost,BacklogPenalty,ProcurementCost,OperatingCost,FixedOrderingCost,BullwhipRatio,PlanTime,ReplayTime,Latency,SolveTime,SolveStatus,FailedSolves
A_Core|base|trend+seasonal|GW:False|BL:True|MARL:False,A_Core,base,trend+seasonal,False,True,False,42,1549.967,1.0,0.7,72.06111111111112,883.0,4156.599999999999,263.9229999999999,88.30000000000001,2240.6000000000004,13.81,0.0,52.88828285420945,0.101140335999986,21.955762976000003,22.05690331199999,21.774069214000008,1,0
A_Core|base|trend+seasonal|GW:False|BL:True|MARL:False,A_Core,base,trend+seasonal,False,True,False,123,1567.4640000000002,1.0,0.6,72.03888888888889,1031.0,4169.4,263.6259999999998,103.1,2221.4,13.810000000000006,0.0,25.491165953866656,0.0004431649999929,15.276581586999995,15.277024751999988,15.143064867000009,1,0
A_Core|base|trend+seasonal|GW:False|BL:True|MARL:False,A_Core,base,trend+seasonal,False,True,False,456,1526.88,1.0,0.6333333333333333,72.55,804.0,4109.0,264.9100000000001,80.4,2223.000000000001,13.81,0.0,42.3604984770162,0.000568881999996,14.40959486,14.410163741999996,14.266672490000005,1,0
A_Core|base|trend+seasonal|GW:False|BL:True|MARL:False,A_Core,base,trend+seasonal,False,True,False,789,1481.978,1.0,0.7333333333333333,74.52777777777777,804.0,4030.6,269.81199999999995,80.4,2184.5999999999995,13.81,0.0,29.195206937171484,0.0005148899999909,10.82961812500001,10.830133015,10.730112726000058,1,0
A_Core|base|trend+seasonal|GW:False|BL:True|MARL:False,A_Core,base,trend+seasonal,False,True,False,1011,1489.431,1.0,0.7333333333333333,77.45,518.0,4000.6,276.959,51.8,2168.600000000001,13.81,0.0,45.6685576132988,0.0004667299999994,21.55859863699999,21.559065366999988,21.375349450000044,1,0
A_Core|base|trend+seasonal|GW:False|BL:True|MARL:False,A_Core,base,trend+seasonal,False,True,False,2022,1546.3960000000002,1.0,0.6,72.70555555555555,912.0,4142.2,264.59399999999977,91.20000000000002,2226.2,13.810000000000004,0.0,34.731087815390154,0.0007327730000099,18.256503203999983,18.257235977,18.11291452100002,1,0
A_Core|base|trend+seasonal|GW:False|BL:True|MARL:False,A_Core,base,trend+seasonal,False,True,False,3033,1494.8460000000002,1.0,0.7,74.61111111111111,752.0,4041.8,270.1439999999998,75.2,2187.8,13.81,0.0,54.50028281997222,0.000563733000007,13.578197945,13.578761678000006,13.459806515999816,1,0
A_Core|base|trend+seasonal|GW:False|BL:True|MARL:False,A_Core,base,trend+seasonal,False,True,False,4044,1640.4789999999998,0.9941060903732808,0.2333333333333333,69.06666666666666,1147.0,4306.200000000001,255.01099999999985,114.69999999999996,2282.2000000000003,13.810000000000004,0.0,33.55020422055821,0.0005577910000056,14.908559999999994,14.909117791,14.770609913999976,1,0
A_Core|base|trend+seasonal|GW:False|BL:True|MARL:False,A_Core,base,trend+seasonal,False,True,False,5055,1605.353,1.0,0.5,71.78888888888889,923.0,4219.400000000001,262.53700000000003,92.30000000000004,2245.4,13.810000000000002,0.0,31.726918114441737,0.0007121120000022,40.285564179000005,40.28627629100001,39.88536104500011,1,0
A_Core|base|trend+seasonal|GW:False|BL:True|MARL:False,A_Core,base,trend+seasonal,False,True,False,6066,1564.583,1.0,0.5333333333333333,72.41111111111111,945.0,4169.0,265.1069999999999,94.5,2231.0,13.809999999999995,0.0,26.19152546665654,0.0045190600000069,30.209436590999985,30.213955650999992,29.981637940000184,1,0
A_Core|base|trend+seasonal|GW:False|BL:False|MARL:False,A_Core,base,trend+seasonal,False,False,False,42,1144.752,0.7734864300626305,0.7,94.92222222222222,217.0,3343.4,301.7379999999996,21.700000000000003,1861.4000000000003,13.81,0.0,37.02754427618071,0.0009120659999553,38.43840715800002,38.43931922399997,38.1882652220001,1,0
A_Core|base|trend+seasonal|GW:False|BL:False|MARL:False,A_Core,base,trend+seasonal,False,False,False,123,1125.508,0.7546201232032854,0.6666666666666666,96.14444444444445,239.0,3308.999999999999,306.7819999999998,23.9,1839.0,13.81,0.0,19.05055913903106,0.0014951890000247,23.296291593999968,23.297786782999992,23.10268845200011,1,0
A_Core|base|trend+seasonal|GW:False|BL:False|MARL:False,A_Core,base,trend+seasonal,False,False,False,456,1120.986,0.7730646871686108,0.7333333333333333,94.75555555555556,214.0,3332.2,301.8039999999999,21.4,1874.2000000000005,13.81,0.0,28.8815990697792,0.0008185860000367,24.918460832,24.91927941800003,24.71770084100018,1,0
A_Core|base|trend+seasonal|GW:False|BL:False|MARL:False,A_Core,base,trend+seasonal,False,False,False,789,1071.317,0.7670639219934995,0.7333333333333333,96.78333333333332,215.0,3256.6000000000004,309.373,21.5,1840.6000000000004,13.81,0.0,21.494976292058087,0.0007382169999914,15.502870664,15.503608880999993,15.376419308000097,1,0
A_Core|base|trend+seasonal|GW:False|BL:False|MARL:False,A_Core,base,trend+seasonal,False,False,False,1011,1153.188,0.8122270742358079,0.7,95.22222222222224,172.0,3357.399999999999,303.8019999999999,17.2,1869.4,13.81,0.0,35.91688262436004,0.0005934550000006,18.339052350999964,18.339645805999965,18.17071651400016,1,0
A_Core|base|trend+seasonal|GW:False|BL:False|MARL:False,A_Core,base,trend+seasonal,False,False,False,2022,1146.054,0.7734864300626305,0.6,94.65555555555557,217.0,3348.2000000000003,300.4359999999997,21.7,1866.2,13.81,0.0,25.44935799586964,0.00064157099996,15.838152907000053,15.838794478000011,15.706590438000037,1,0
A_Core|base|trend+seasonal|GW:False|BL:False|MARL:False,A_Core,base,trend+seasonal,False,False,False,3033,1140.147,0.7950377562028047,0.7666666666666667,94.6,190.0,3340.2000000000003,301.0429999999999,19.0,1866.2,13.81,0.0,38.06201470663856,0.0006773879999855,15.902048985999954,15.90272637399994,15.763050791999945,1,0
A_Core|base|trend+seasonal|GW:False|BL:False|MARL:False,A_Core,base,trend+seasonal,False,False,False,4044,1156.975,0.7357563850687623,0.4666666666666667,94.57777777777778,269.0,3359.4,300.3149999999998,26.899999999999995,1861.4000000000003,13.81,0.0,25.08157122191968,0.0009293760000446,38.26365986900004,38.26458924500008,38.00963280200023,1,0
A_Core|base|trend+seasonal|GW:False|BL:False|MARL:False,A_Core,base,trend+seasonal,False,False,False,5055,1154.764,0.756838905775076,0.5666666666666667,94.82222222222222,240.0,3352.2000000000003,301.426,24.0,1858.2,13.81,0.0,22.52148908292576,0.0014749480000091,18.903746792,18.90522174,18.750626529999977,1,0
A_Core|base|trend+seasonal|GW:False|BL:False|MARL:False,A_Core,base,trend+seasonal,False,False,False,6066,1155.2039999999995,0.7708978328173375,0.6333333333333333,95.10555555555555,222.0,3371.4,302.786,22.200000000000003,1877.4,13.81,0.0,18.660427694619624,0.0006715179999901,15.649221920999992,15.649893438999982,15.510535512999809,1,0
A_Core|base|trend+seasonal|GW:True|BL:True|MARL:False,A_Core,base,trend+seasonal,True,True,False,42,939.564,1.0,0.7333333333333333,90.94444444444444,620.0,3293.4,312.62599999999964,62.0,1965.4,13.810000000000004,0.0,32.38990517434481,0.0007253839999634,17.907564369,17.908289752999963,17.752108029000055,1,0
A_Core|base|trend+seasonal|GW:True|BL:True|MARL:False,A_Core,base,trend+seasonal,True,True,False,123,789.558,1.0,0.6333333333333333,96.93333333333334,472.0,3053.4,325.432,47.20000000000001,1877.4,13.810000000000004,0.0,32.936909512602746,0.0005207990000144,19.466387904999976,19.46690870399999,19.288617084000062,1,0
A_Core|base|trend+seasonal|GW:True|BL:True|MARL:False,A_Core,base,trend+seasonal,True,True,False,456,933.361,1.0,0.7333333333333333,93.78333333333332,419.0,3205.4,314.9289999999996,41.900000000000006,1901.4,13.809999999999995,0.0,40.09980662740616,0.0015495059999466,41.33682445900001,41.33837396499996,41.031381416000045,1,0
A_Core|base|trend+seasonal|GW:True|BL:True|MARL:False,A_Core,base,trend+seasonal,True,True,False,789,911.284,1.0,0.7333333333333333,92.94444444444444,556.0,3197.4,315.3059999999995,55.6,1901.4,13.81,0.0,24.225371607390016,0.0008450950000451,28.386715883999955,28.387560979,28.154954443000065,1,0
A_Core|base|trend+seasonal|GW:True|BL:True|MARL:False,A_Core,base,trend+seasonal,True,True,False,1011,1072.129,1.0,0.7666666666666667,88.46111111111111,535.0,3409.8,306.5610000000001,53.49999999999999,1963.8,13.810000000000004,0.0,33.65998831840072,0.0008895750000874,25.98334477399999,25.98423434900008,25.784738296,1,0
A_Core|base|trend+seasonal|GW:True|BL:True|MARL:False,A_Core,base,trend+seasonal,True,True,False,2022,895.4749999999999,1.0,0.6666666666666666,92.67222222222222,545.0,3239.4,318.2149999999995,54.5,1957.4,13.81,0.0,28.968340690064007,0.0008665509999445,19.97357255999998,19.974439110999924,19.8189510430002,1,0
A_Core|base|trend+seasonal|GW:True|BL:True|MARL:False,A_Core,base,trend+seasonal,True,True,False,3033,891.5669999999999,1.0,0.7333333333333333,93.87222222222222,482.0,3168.6,318.42300000000006,48.2,1896.6,13.810000000000004,0.0,36.762752111879074,0.0005472130000043,10.81408026500003,10.814627478000034,10.711129510000092,1,0
A_Core|base|trend+seasonal|GW:True|BL:True|MARL:False,A_Core,base,trend+seasonal,True,True,False,4044,937.265,1.0,0.7,89.34444444444445,648.0,3273.0,306.1249999999998,64.8,1950.9999999999995,13.810000000000004,0.0,29.20741301189074,0.0004506939999373,10.152262517000054,10.152713210999991,10.060592611000745,1,0
A_Core|base|trend+seasonal|GW:True|BL:True|MARL:False,A_Core,base,trend+seasonal,True,True,False,5055,953.515,0.994074074074074,0.6333333333333333,90.42222222222222,656.0,3278.6000000000004,309.0749999999997,65.6,1936.6,13.81,0.0,28.539975370436576,0.0004421230000843,11.405433939999966,11.40587606300005,11.296593727000186,1,0
A_Core|base|trend+seasonal|GW:True|BL:True|MARL:False,A_Core,base,trend+seasonal,True,True,False,6066,927.076,0.9969604863221884,0.6333333333333333,93.39444444444445,549.0,3229.4000000000005,316.2139999999997,54.90000000000001,1917.4,13.81,0.0,30.24174260645686,0.0005191069999455,11.491872803999968,11.492391910999912,11.388072871000304,1,0
A_Core|base|trend+seasonal|GW:True|BL:False|MARL:False,A_Core,base,trend+seasonal,True,False,False,42,712.432,0.7760115606936416,0.7333333333333333,105.9888888888889,155.0,2828.2000000000003,332.25799999999964,15.5,1754.2,13.81,0.0,27.25393098243113,0.0004448230000662,8.986649714999999,8.987094538000065,8.900388738999595,1,0
A_Core|base|trend+seasonal|GW:True|BL:False|MARL:False,A_Core,base,trend+seasonal,True,False,False,123,635.0709999999999,0.7763975155279503,0.7,107.75,144.0,2755.8,336.71899999999937,14.4,1755.8000000000002,13.81,0.0,27.336993537401803,0.0004000200000291,7.967154223999955,7.967554243999984,7.8875251449996995,1,0
A_Core|base|trend+seasonal|GW:True|BL:False|MARL:False,A_Core,base,trend+seasonal,True,False,False,456,791.4999999999999,0.7728494623655914,0.7666666666666667,104.23333333333332,169.0,2904.2000000000003,327.7899999999999,16.9,1754.2,13.81,0.0,25.48876865059845,0.0003495429999702,8.569755181999994,8.570104724999965,8.484631066000361,1,0
A_Core|base|trend+seasonal|GW:True|BL:False|MARL:False,A_Core,base,trend+seasonal,True,False,False,789,649.2049999999999,0.7688821752265861,0.7666666666666667,107.39444444444445,153.0,2773.8000000000006,339.68500000000006,15.3,1755.7999999999995,13.809999999999995,0.0,21.23497568508905,0.0004347410000491,8.40681083200002,8.407245573000068,8.322139276999906,1,0
A_Core|base|trend+seasonal|GW:True|BL:False|MARL:False,A_Core,base,trend+seasonal,True,False,False,1011,839.1559999999998,0.7896825396825397,0.7666666666666667,102.68333333333334,159.0,2948.2,325.13399999999973,15.900000000000002,1754.1999999999998,13.81,0.0,28.677551858697885,0.0003768160000845,8.202898738000044,8.203275554000129,8.118651948000092,1,0
A_Core|base|trend+seasonal|GW:True|BL:False|MARL:False,A_Core,base,trend+seasonal,True,False,False,2022,693.195,0.7842261904761905,0.7,105.91666666666669,145.0,2809.8,332.4949999999996,14.5,1755.8,13.81,0.0,21.27794854818879,0.0003663889999643,9.678453156000046,9.67881954500001,9.582672992000198,1,0
A_Core|base|trend+seasonal|GW:True|BL:False|MARL:False,A_Core,base,trend+seasonal,True,False,False,3033,715.7429999999999,0.8198473282442749,0.7666666666666667,106.03888888888888,118.0,2829.8,332.6469999999999,11.8,1755.7999999999995,13.81,0.0,31.723438747313487,0.0005290789999889,8.798294734000024,8.798823813000013,8.712811459999784,1,0
A_Core|base|trend+seasonal|GW:True|BL:False|MARL:False,A_Core,base,trend+seasonal,True,False,False,4044,789.4569999999999,0.7422279792746114,0.7,103.03333333333332,199.0,2901.8,322.8329999999997,19.9,1755.7999999999995,13.81,0.0,28.10007952200825,0.000366611000004,8.032634181000049,8.033000792000053,7.953070394000065,1,0
A_Core|base|trend+seasonal|GW:True|BL:False|MARL:False,A_Core,base,trend+seasonal,True,False,False,5055,716.857,0.7627118644067796,0.7,105.75,168.0,2834.2,332.5329999999996,16.800000000000004,1754.2,13.81,0.0,21.683009104604707,0.0003860150000036,11.935519808000096,11.935905823000098,11.830254594000737,1,0
A_Core|base|trend+seasonal|GW:True|BL:False|MARL:False,A_Core,base,trend+seasonal,True,False,False,6066,717.712,0.7941176470588235,0.7333333333333333,106.59444444444443,140.0,2835.8,334.4779999999998,14.0,1755.8000000000002,13.81,0.0,21.20105681433885,0.0005547260000184,13.519769001999975,13.520323727999994,13.391505268999936,1,0
A_Core|base|trend+seasonal+shock|GW:False|BL:True|MARL:False,A_Core,base,trend+seasonal+shock,False,True,False,42,2433.3450000000003,1.0,0.6333333333333333,46.36666666666667,922.0,5703.399999999999,230.64499999999992,92.20000000000005,2933.4,13.81,0.0,23.49310698302373,0.000498556000025,11.783854560999998,11.784353117000023,11.673315430999992,1,0
A_Core|base|trend+seasonal+shock|GW:False|BL:True|MARL:False,A_Core,base,trend+seasonal+shock,False,True,False,123,2449.993,1.0,0.6,46.83888888888889,1057.0,5713.000000000001,231.85699999999983,105.7,2911.6,13.85,0.0,15.826337252007274,0.000446839999995,10.25556171400001,10.256008554000005,10.157314414000098,1,0
A_Core|base|trend+seasonal+shock|GW:False|BL:True|MARL:False,A_Core,base,trend+seasonal+shock,False,True,False,456,2417.026,1.0,0.5666666666666667,47.1,848.0,5682.6,231.64399999999983,84.80000000000003,2935.1500000000005,13.98,0.0,21.74078998116932,0.0004222329999947,10.92845748000002,10.928879713000017,10.826769433999743,1,0
A_Core|base|trend+seasonal+shock|GW:False|BL:True|MARL:False,A_Core,base,trend+seasonal+shock,False,True,False,789,2386.7609999999995,1.0,0.7333333333333333,49.37777777777778,840.0,5577.0,237.42900000000003,84.0,2855.0000000000005,13.81,0.0,16.713810664726562,0.0004646899999443,10.025026205000016,10.025490894999962,9.930442291999952,1,0
A_Core|base|trend+seasonal+shock|GW:False|BL:True|MARL:False,A_Core,base,trend+seasonal+shock,False,True,False,1011,2384.695,1.0,0.6666666666666666,51.422222222222224,525.0,5540.6,240.99499999999995,52.500000000000014,2848.5999999999995,13.809999999999995,0.0,17.70029942980919,0.0004455260000213,8.820113278999997,8.820558805000019,8.732829478999633,1,0
A_Core|base|trend+seasonal+shock|GW:False|BL:True|MARL:False,A_Core,base,trend+seasonal+shock,False,True,False,2022,2436.0740000000005,1.0,0.5666666666666667,47.12777777777778,938.0,5691.0,232.15599999999984,93.8,2915.150000000001,13.82,0.0,14.988585579202663,0.0003683850000015,8.328711367999972,8.329079752999974,8.248567277000234,1,0
A_Core|base|trend+seasonal+shock|GW:False|BL:True|MARL:False,A_Core,base,trend+seasonal+shock,False,True,False,3033,2408.775,1.0,0.6333333333333333,48.44444444444444,787.0,5624.6,234.71499999999995,78.7,2888.6000000000004,13.810000000000002,0.0,18.498990441138886,0.0003784870000345,8.212020374999952,8.212398861999986,8.131055758999992,1,0
A_Core|base|trend+seasonal+shock|GW:False|BL:True|MARL:False,A_Core,base,trend+seasonal+shock,False,True,False,4044,2504.81,0.980218281036835,0.2333333333333333,44.333333333333336,1261.0,5859.400000000001,224.64000000000007,126.10000000000002,2989.749999999999,14.1,0.0,14.130274188025515,0.0003751019999072,9.318114766999996,9.318489868999905,9.229055249999648,1,0
A_Core|base|trend+seasonal+shock|GW:False|BL:True|MARL:False,A_Core,base,trend+seasonal+shock,False,True,False,5055,2491.461,0.9950773558368496,0.5333333333333333,45.85,970.0,5757.000000000001,227.72900000000004,97.0,2926.9999999999995,13.81,0.0,15.868356862237189,0.0004438879999497,10.441251270000066,10.441695158000016,10.291794372000028,1,0
A_Core|base|trend+seasonal+shock|GW:False|BL:True|MARL:False,A_Core,base,trend+seasonal+shock,False,True,False,6066,2443.754,0.998567335243553,0.5333333333333333,47.27777777777778,980.0,5681.4,232.43600000000004,98.0,2893.4,13.81,0.0,14.984366918382124,0.000410826999996,8.585831374000009,8.586242201000005,8.50065175200018,1,0
A_Core|base|trend+seasonal+shock|GW:False|BL:False|MARL:False,A_Core,base,trend+seasonal+shock,False,False,False,42,2029.615,0.8411552346570397,0.6333333333333333,69.18333333333334,220.0,4871.400000000001,264.57500000000005,22.000000000000004,2541.4,13.81,0.0,12.14303072730455,0.0003852570000617,8.316612732999943,8.316997990000004,8.231342035999887,1,0
A_Core|base|trend+seasonal+shock|GW:False|BL:False|MARL:False,A_Core,base,trend+seasonal+shock,False,False,False,123,1994.846,0.8222698072805139,0.6666666666666666,70.56666666666666,249.0,4810.2,270.444,24.9,2506.2,13.81,0.0,9.289088139407824,0.0003690199999937,8.4094056429999,8.409774662999894,8.324900518999584,1,0
A_Core|base|trend+seasonal+shock|GW:False|BL:False|MARL:False,A_Core,base,trend+seasonal+shock,False,False,False,456,2016.062,0.8421818181818181,0.7333333333333333,68.52222222222223,217.0,4871.799999999999,264.4280000000001,21.700000000000003,2555.8000000000006,13.81,0.0,11.34651178619235,0.0003804109999236,8.535938351999903,8.536318762999827,8.450593707999587,1,0
A_Core|base|trend+seasonal+shock|GW:False|BL:False|MARL:False,A_Core,base,trend+seasonal+shock,False,False,False,789,1983.54,0.8420279206465834,0.7333333333333333,70.58888888888889,215.0,4847.8,273.14999999999986,21.5,2555.8,13.81,0.0,9.177885109835486,0.0003921090000176,8.590217389000031,8.590609498000049,8.504490612000268,1,0
A_Core|base|trend+seasonal+shock|GW:False|BL:False|MARL:False,A_Core,base,trend+seasonal+shock,False,False,False,1011,2035.007,0.8670133729569094,0.6666666666666666,69.11111111111111,179.0,4888.200000000001,267.2830000000001,17.9,2554.2,13.81,0.0,10.001098971108208,0.0004024149999395,8.469047966000062,8.469450381000001,8.382293346999859,1,0
A_Core|base|trend+seasonal+shock|GW:False|BL:False|MARL:False,A_Core,base,trend+seasonal+shock,False,False,False,2022,2052.646,0.8472622478386167,0.6333333333333333,68.9611111111111,212.0,4907.800000000002,264.344,21.2,2555.800000000001,13.810000000000002,0.0,7.946497670109265,0.0003966320000472,8.616718157999912,8.61711478999996,8.528678890999913,1,0
A_Core|base|trend+seasonal+shock|GW:False|BL:False|MARL:False,A_Core,base,trend+seasonal+shock,False,False,False,3033,2051.722,0.8581871345029239,0.7333333333333333,68.28888888888889,194.0,4899.0,263.0680000000001,19.4,2551.0,13.81,0.0,10.73131251171429,0.0004165440000178,8.767260504999967,8.767677048999985,8.681761159000303,1,0
A_Core|base|trend+seasonal+shock|GW:False|BL:False|MARL:False,A_Core,base,trend+seasonal+shock,False,False,False,4044,2023.945,0.7953615279672579,0.4666666666666667,68.89444444444445,300.0,4860.599999999999,264.24500000000006,30.0,2528.5999999999995,13.810000000000002,0.0,8.03244093289876,0.0004124069999988,8.493463097000017,8.493875504000016,8.40876071599996,1,0
A_Core|base|trend+seasonal+shock|GW:False|BL:False|MARL:False,A_Core,base,trend+seasonal+shock,False,False,False,5055,2057.246,0.829817158931083,0.5,68.66111111111111,242.0,4911.0,264.744,24.200000000000003,2551.0000000000005,13.81,0.0,8.976672566881088,0.0004073610000432,8.54002308400004,8.540430445000084,8.45571501500001,1,0
A_Core|base|trend+seasonal+shock|GW:False|BL:False|MARL:False,A_Core,base,trend+seasonal+shock,False,False,False,6066,2041.005,0.839541547277937,0.6333333333333333,69.4,224.0,4882.2,266.7850000000003,22.4,2538.2000000000003,13.81,0.0,7.898313851246508,0.0004390110000258,8.558825143999911,8.559264154999937,8.472507130999816,1,0
A_Core|base|trend+seasonal+shock|GW:True|BL:True|MARL:False,A_Core,base,trend+seasonal+shock,True,True,False,42,1340.494,1.0,0.7,81.46111111111111,621.0,3797.000000000001,301.59599999999966,62.1,2079.0,13.81,0.0,60.6448268179403,0.0004090959999984,8.618721636000032,8.61913073200003,8.533059887000036,1,0
A_Core|base|trend+seasonal+shock|GW:True|BL:True|MARL:False,A_Core,base,trend+seasonal+shock,True,True,False,123,1095.409,1.0,0.6333333333333333,90.2,471.0,3365.4,315.6809999999997,47.10000000000001,1893.4,13.810000000000004,0.0,55.4364600275241,0.0003918200000043,8.316452910999942,8.316844730999946,8.23645979700018,1,0
A_Core|base|trend+seasonal+shock|GW:True|BL:True|MARL:False,A_Core,base,trend+seasonal+shock,True,True,False,456,1342.9709999999998,1.0,0.7333333333333333,83.60555555555555,419.0,3748.6,301.31900000000013,41.900000000000006,2048.6,13.81,0.0,56.03765413533835,0.0004061260000298,8.472527031000027,8.472933157000057,8.391130034999833,1,0
A_Core|base|trend+seasonal+shock|GW:True|BL:True|MARL:False,A_Core,base,trend+seasonal+shock,True,True,False,789,1308.5839999999998,1.0,0.7333333333333333,83.12222222222222,556.0,3721.0,304.0059999999997,55.6,2039.0,13.81,0.0,40.25924899709669,0.0003940410000495,9.049654759999951,9.050048801000004,8.961857015000533,1,0
A_Core|base|trend+seasonal+shock|GW:True|BL:True|MARL:False,A_Core,base,trend+seasonal+shock,True,True,False,1011,1629.214,1.0,0.7666666666666667,73.37777777777778,541.0,4283.0,290.87600000000015,54.1,2295.0,13.81,0.0,54.30680580241959,0.0004247249999025,8.598413075999929,8.598837800999831,8.515247238999791,1,0
A_Core|base|trend+seasonal+shock|GW:True|BL:True|MARL:False,A_Core,base,trend+seasonal+shock,True,True,False,2022,1321.75,1.0,0.7,82.81666666666666,544.0,3763.399999999999,304.03999999999985,54.4,2069.4,13.81,0.0,44.78627111054982,0.0003641410000909,9.22591636499999,9.22628050600008,9.137322824999842,1,0
A_Core|base|trend+seasonal+shock|GW:True|BL:True|MARL:False,A_Core,base,trend+seasonal+shock,True,True,False,3033,1286.7399999999998,1.0,0.7,83.74444444444444,487.0,3694.6,304.7499999999999,48.7,2040.6,13.810000000000004,0.0,63.84809367102417,0.0003944149999597,8.844854275999978,8.845248690999938,8.75741903700009,1,0
A_Core|base|trend+seasonal+shock|GW:True|BL:True|MARL:False,A_Core,base,trend+seasonal+shock,True,True,False,4044,1397.7289999999998,1.0,0.6333333333333333,78.14444444444445,678.0,3909.8,290.66099999999994,67.8,2139.8,13.810000000000004,0.0,60.54191664454473,0.000408125000149,8.632598075000033,8.633006200000182,8.547005990999423,1,0
A_Core|base|trend+seasonal+shock|GW:True|BL:True|MARL:False,A_Core,base,trend+seasonal+shock,True,True,False,5055,1362.1640000000002,1.0,0.6333333333333333,80.56666666666666,655.0,3827.0,298.5260000000002,65.5,2086.9999999999995,13.81,0.0,44.10292953285828,0.0003855590000512,8.38996817899988,8.39035373799993,8.309217690999503,1,0
A_Core|base|trend+seasonal+shock|GW:True|BL:True|MARL:False,A_Core,base,trend+seasonal+shock,True,True,False,6066,1358.115,0.990836197021764,0.6666666666666666,83.36111111111111,555.0,3777.0,302.57499999999993,55.50000000000001,2047.0,13.810000000000002,0.0,36.45181394738569,0.0003702830001657,8.890341650999972,8.890711934000137,8.805550825999944,1,0
A_Core|base|trend+seasonal+shock|GW:True|BL:False|MARL:False,A_Core,base,trend+seasonal+shock,True,False,False,42,1191.461,0.8293736501079914,0.7333333333333333,94.77777777777776,158.0,3431.0,314.92899999999975,15.8,1895.0,13.810000000000002,0.0,33.31179881507627,0.0004153209999913,9.783792863999906,9.784208184999898,9.69137500699958,1,0
A_Core|base|trend+seasonal+shock|GW:True|BL:False|MARL:False,A_Core,base,trend+seasonal+shock,True,False,False,123,1053.809,0.8290094339622641,0.7,98.71111111111112,145.0,3200.2,323.88099999999986,14.5,1794.2,13.81,0.0,38.336886665921526,0.0004224799999974,8.308251806000044,8.308674286000041,8.226463730000432,1,0
A_Core|base|trend+seasonal+shock|GW:True|BL:False|MARL:False,A_Core,base,trend+seasonal+shock,True,False,False,456,1348.943,0.8404785643070788,0.8,90.01666666666667,160.0,3702.599999999999,307.2469999999999,16.0,2016.6000000000004,13.810000000000002,0.0,22.575389985117933,0.0003662690000965,8.130210766000118,8.130577035000215,8.049866427999632,1,0
A_Core|base|trend+seasonal+shock|GW:True|BL:False|MARL:False,A_Core,base,trend+seasonal+shock,True,False,False,789,1165.417,0.8320526893523601,0.7666666666666667,95.73333333333332,153.0,3398.2,321.4729999999998,15.3,1882.2,13.81,0.0,24.13118092198652,0.0003597490001538,8.222230845000013,8.222590594000167,8.140600474000166,1,0
A_Core|base|trend+seasonal+shock|GW:True|BL:False|MARL:False,A_Core,base,trend+seasonal+shock,True,False,False,1011,1428.6830000000002,0.8469682386910491,0.7666666666666667,85.21111111111111,159.0,3967.0,301.6069999999997,15.9,2207.0000000000005,13.81,0.0,24.842994042303644,0.0003845629998977,8.110826031999977,8.111210594999875,8.029389855999625,1,0
A_Core|base|trend+seasonal+shock|GW:True|BL:False|MARL:False,A_Core,base,trend+seasonal+shock,True,False,False,2022,1131.465,0.8338983050847457,0.7,95.28888888888888,147.0,3347.0000000000005,316.0249999999997,14.7,1871.0,13.810000000000002,0.0,24.6418001525553,0.0003797459999077,8.310914758999843,8.31129450499975,8.228874036999287,1,0
A_Core|base|trend+seasonal+shock|GW:True|BL:False|MARL:False,A_Core,base,trend+seasonal+shock,True,False,False,3033,1177.272,0.8643101482326112,0.7333333333333333,93.99444444444444,119.0,3431.8,313.0179999999995,11.9,1915.8,13.81,0.0,47.5629500415813,0.000387407999824,8.936357508000128,8.936744915999952,8.842037960001107,1,0
A_Core|base|trend+seasonal+shock|GW:True|BL:False|MARL:False,A_Core,base,trend+seasonal+shock,True,False,False,4044,1252.168,0.7973921765295887,0.7,89.20555555555555,202.0,3669.0,303.82199999999983,20.2,2079.0,13.810000000000002,0.0,32.123283740548914,0.0004256519998762,10.994783462999976,10.995209114999852,10.893765578999592,1,0
A_Core|base|trend+seasonal+shock|GW:True|BL:False|MARL:False,A_Core,base,trend+seasonal+shock,True,False,False,5055,1156.198,0.8042780748663102,0.6666666666666666,93.75555555555556,183.0,3503.0000000000005,315.6919999999998,18.300000000000004,1999.0,13.81,0.0,24.010925559015,0.000459014999933,9.364962956999989,9.365421971999922,9.273108586999342,1,0
A_Core|base|trend+seasonal+shock|GW:True|BL:False|MARL:False,A_Core,base,trend+seasonal+shock,True,False,False,6066,1194.762,0.8387799564270153,0.7333333333333333,95.38333333333334,148.0,3435.0,316.62799999999964,14.8,1895.0,13.810000000000002,0.0,17.36513726243041,0.0003841160000774,8.042117521999899,8.042501637999976,7.961534633998781,1,0
A_Core|serial|trend+seasonal|GW:False|BL:True|MARL:False,A_Core,serial,trend+seasonal,False,True,False,42,1514.9699999999998,1.0,0.7,22.58888888888889,238.0,3978.5,87.08000000000001,23.800000000000004,2345.0,7.65,0.0,31.740326617043124,0.0002751380000063,2.535473484000022,2.5357486220000283,2.490639056999271,1,0
A_Core|serial|trend+seasonal|GW:False|BL:True|MARL:False,A_Core,serial,trend+seasonal,False,True,False,123,1528.0500000000002,0.9989733059548256,0.6,24.288888888888888,326.0,4028.5,91.12,32.6,2369.0,7.73,0.0,18.405042768001124,0.0002459009999711,2.500170987000047,2.500416888000018,2.455788708999762,1,0
A_Core|serial|trend+seasonal|GW:False|BL:True|MARL:False,A_Core,serial,trend+seasonal,False,True,False,456,1486.03,1.0,0.6666666666666666,22.77777777777778,178.0,3968.5,87.94000000000003,17.800000000000004,2369.0,7.730000000000001,0.0,22.40756562733029,0.0002539390000038,2.467781027000001,2.4680349660000047,2.424900258999969,1,0
A_Core|serial|trend+seasonal|GW:False|BL:True|MARL:False,A_Core,serial,trend+seasonal,False,True,False,789,1452.91,1.0,0.7333333333333333,24.488888888888887,173.0,3881.0,91.25,17.3,2312.0,7.540000000000002,0.0,18.55154868789657,0.0004400950001581,2.424231323999948,2.4246714190001057,2.3807401320002555,1,0
A_Core|serial|trend+seasonal|GW:False|BL:True|MARL:False,A_Core,serial,trend+seasonal,False,True,False,1011,1463.85,1.0,0.9333333333333332,25.655555555555555,62.0,3789.0,92.71000000000004,6.2,2219.0,7.240000000000002,0.0,27.093104102142725,0.0002592929999991,2.593736304000004,2.593995597000003,2.551056944000038,1,0
A_Core|serial|trend+seasonal|GW:False|BL:True|MARL:False,A_Core,serial,trend+seasonal,False,True,False,2022,1508.86,1.0,0.6666666666666666,23.9,308.0,3963.5,89.25000000000006,30.8,2327.0,7.589999999999999,0.0,26.322180569273595,0.0002357109999593,2.4364703349999672,2.4367060459999266,2.394664282999429,1,0
A_Core|serial|trend+seasonal|GW:False|BL:True|MARL:False,A_Core,serial,trend+seasonal,False,True,False,3033,1453.65,1.0,0.8333333333333334,25.933333333333334,211.0,3887.5,94.71000000000002,21.1,2310.5,7.539999999999999,0.0,36.04718808385184,0.0002564290000464,2.4425593630001003,2.4428157920001468,2.399157918000583,1,0
A_Core|serial|trend+seasonal|GW:False|BL:True|MARL:False,A_Core,serial,trend+seasonal,False,True,False,4044,1570.5300000000002,0.9891944990176816,0.4333333333333333,21.83333333333333,389.0,4202.0,86.36999999999998,38.9,2498.0,8.2,0.0,21.93047991831178,0.0002799710000545,2.5385704220000207,2.538850393000075,2.494138062000048,1,0
A_Core|serial|trend+seasonal|GW:False|BL:True|MARL:False,A_Core,serial,trend+seasonal,False,True,False,5055,1533.89,0.983789260385005,0.5333333333333333,21.855555555555554,285.0,4024.5,85.37999999999995,28.500000000000007,2369.0,7.729999999999999,0.0,20.47378001820346,0.000263822999841,2.7415261809999265,2.741790003999768,2.696536288000061,1,0
A_Core|serial|trend+seasonal|GW:False|BL:True|MARL:False,A_Core,serial,trend+seasonal,False,True,False,6066,1511.29,0.9948400412796696,0.6666666666666666,25.0,295.0,4000.0,91.45,29.500000000000004,2360.0,7.76,0.0,17.71837668532449,0.0002814709998801,2.6653072440001324,2.6655887150000126,2.619482782999512,1,0
A_Core|serial|trend+seasonal|GW:False|BL:False|MARL:False,A_Core,serial,trend+seasonal,False,False,False,42,1369.97,0.8851774530271399,0.8,23.42222222222222,110.0,3483.5,80.98,11.0,2015.0,6.550000000000002,0.0,15.637272202258728,0.0002651910001532,2.67295584999988,2.673221041000033,2.627476455000078,1,0
A_Core|serial|trend+seasonal|GW:False|BL:False|MARL:False,A_Core,serial,trend+seasonal,False,False,False,123,1375.32,0.8747433264887063,0.8,24.211111111111112,122.0,3489.0,82.93999999999994,12.200000000000005,2012.0,6.54,0.0,8.581083923438268,0.0002984279999509,2.8050939629999903,2.805392390999941,2.7568639220003206,1,0
A_Core|serial|trend+seasonal|GW:False|BL:False|MARL:False,A_Core,serial,trend+seasonal,False,False,False,456,1364.9,0.9003181336161188,0.8,21.7,94.0,3540.5,78.42999999999999,9.4,2081.0,6.7700000000000005,0.0,12.99893833495532,0.0002759709998372,2.6972771139999168,2.697553084999754,2.649326564999683,1,0
A_Core|serial|trend+seasonal|GW:False|BL:False|MARL:False,A_Core,serial,trend+seasonal,False,False,False,789,1327.0700000000002,0.8970747562296858,0.8333333333333334,24.18888888888889,95.0,3453.5,83.33999999999999,9.499999999999998,2027.0,6.59,0.0,9.524762178160977,0.0002649200000632,2.6872049779999543,2.6874698980000176,2.6395528619996185,1,0
A_Core|serial|trend+seasonal|GW:False|BL:False|MARL:False,A_Core,serial,trend+seasonal,False,False,False,1011,1392.48,0.9388646288209608,0.8333333333333334,22.4,56.0,3547.5,79.71000000000002,5.6,2063.0,6.710000000000001,0.0,16.13268756715758,0.0003063210001528,2.688611976999937,2.6889182980000896,2.641707972000404,1,0
A_Core|serial|trend+seasonal|GW:False|BL:False|MARL:False,A_Core,serial,trend+seasonal,False,False,False,2022,1330.27,0.8622129436325678,0.6666666666666666,25.1,132.0,3394.5,83.65999999999997,13.2,1961.0,6.370000000000001,0.0,11.792100655472751,0.0002767949999906,2.703802742000107,2.704079537000098,2.6568617810005435,1,0
A_Core|serial|trend+seasonal|GW:False|BL:False|MARL:False,A_Core,serial,trend+seasonal,False,False,False,3033,1342.5300000000002,0.8985976267529665,0.8333333333333334,24.666666666666668,94.0,3436.0,83.58999999999997,9.4,1994.0,6.48,0.0,17.435834147512036,0.0002712929999688,2.683257347000108,2.683528640000077,2.636277909999535,1,0
A_Core|serial|trend+seasonal|GW:False|BL:False|MARL:False,A_Core,serial,trend+seasonal,False,False,False,4044,1383.0600000000002,0.8457760314341847,0.4666666666666667,21.877777777777776,157.0,3560.0,77.96999999999998,15.700000000000005,2076.5,6.7700000000000005,0.0,10.681969026548671,0.0002838689999862,2.6539749609999035,2.6542588299998897,2.607528426999352,1,0
A_Core|serial|trend+seasonal|GW:False|BL:False|MARL:False,A_Core,serial,trend+seasonal,False,False,False,5055,1392.08,0.8723404255319149,0.7,21.8,126.0,3537.0,77.66000000000001,12.600000000000003,2048.0,6.660000000000001,0.0,10.209699842970164,0.0002690389999315,2.5532164860001103,2.553485525000042,2.50675038899999,1,0
A_Core|serial|trend+seasonal|GW:False|BL:False|MARL:False,A_Core,serial,trend+seasonal,False,False,False,6066,1368.02,0.8782249742002064,0.7,25.177777777777777,118.0,3491.5,84.05000000000001,11.8,2021.0,6.63,0.0,8.087370936014658,0.0002691269999104,2.4739135039999383,2.4741826309998487,2.428477871001405,1,0
A_Core|serial|trend+seasonal|GW:True|BL:True|MARL:False,A_Core,serial,trend+seasonal,True,True,False,42,1164.63,1.0,0.7666666666666667,27.23333333333333,155.0,2878.0,82.66999999999994,15.500000000000002,1610.0,5.2,0.0,40.343642611683855,0.0002649640000527,2.509271495999883,2.509536459999936,2.465771594000444,1,0
A_Core|serial|trend+seasonal|GW:True|BL:True|MARL:False,A_Core,serial,trend+seasonal,True,True,False,123,1166.74,0.9756756756756756,0.7666666666666667,28.57777777777778,260.0,2899.0,85.04,26.000000000000004,1616.0,5.220000000000001,0.0,26.540476775620544,0.0002563590001045,2.5559509739998703,2.556207332999975,2.512110118000919,1,0
A_Core|serial|trend+seasonal|GW:True|BL:True|MARL:False,A_Core,serial,trend+seasonal,True,True,False,456,1241.0300000000002,0.9947712418300654,0.8,26.2,129.0,3074.5,81.96000000000001,12.9,1733.0,5.609999999999999,0.0,27.172934920991533,0.0002959850000934,4.120527992000007,4.1208239770001,4.061482647000048,1,0
A_Core|serial|trend+seasonal|GW:True|BL:True|MARL:False,A_Core,serial,trend+seasonal,True,True,False,789,1231.93,1.0,0.8666666666666667,29.444444444444443,161.0,3119.5,90.71999999999998,16.1,1775.0,5.75,0.0,28.609187336063687,0.0003635850000591,4.730578915000024,4.730942500000083,4.666243370000757,1,0
A_Core|serial|trend+seasonal|GW:True|BL:True|MARL:False,A_Core,serial,trend+seasonal,True,True,False,1011,1285.75,1.0,0.8,29.566666666666663,96.0,3483.0,96.87000000000002,9.6,2084.0,6.78,0.0,34.969579158982526,0.0003508359998249,3.60701628899983,3.607367124999655,3.549783273999992,1,0
A_Core|serial|trend+seasonal|GW:True|BL:True|MARL:False,A_Core,serial,trend+seasonal,True,True,False,2022,1099.4299999999998,1.0,0.7,29.933333333333334,206.0,2814.5,88.29999999999997,20.6,1601.0,5.169999999999999,0.0,24.740961638378938,0.0003284990000338,3.454227221999872,3.454555720999906,3.400952172999496,1,0
A_Core|serial|trend+seasonal|GW:True|BL:True|MARL:False,A_Core,serial,trend+seasonal,True,True,False,3033,1107.98,1.0,0.8,33.077777777777776,143.0,2772.5,92.21000000000006,14.3,1553.0,5.01,0.0,39.76492558536353,0.0003009699998983,2.956913325999949,2.957214295999848,2.9078778370001146,1,0
A_Core|serial|trend+seasonal|GW:True|BL:True|MARL:False,A_Core,serial,trend+seasonal,True,True,False,4044,1125.64,1.0,0.6666666666666666,27.2,181.0,2789.0,81.22,18.100000000000005,1559.0,5.039999999999999,0.0,28.37390510700324,0.0002923229999396,2.884212404999971,2.8845047279999108,2.8362670980000075,1,0
A_Core|serial|trend+seasonal|GW:True|BL:True|MARL:False,A_Core,serial,trend+seasonal,True,True,False,5055,1267.56,1.0,0.7333333333333333,26.75555555555556,192.0,3235.0,86.21999999999997,19.2,1856.0,6.02,0.0,34.895507759324786,0.0002915129998655,2.789378738999858,2.7896702519997234,2.7422867450002286,1,0
A_Core|serial|trend+seasonal|GW:True|BL:True|MARL:False,A_Core,serial,trend+seasonal,True,True,False,6066,1174.0400000000002,0.989041095890411,0.7333333333333333,29.244444444444444,170.0,2900.0,86.23,17.0,1617.5,5.229999999999999,0.0,23.258740234375,0.0002818000000388,2.813066872000036,2.8133486720000747,2.766194818999565,1,0
A_Core|serial|trend+seasonal|GW:True|BL:False|MARL:False,A_Core,serial,trend+seasonal,True,False,False,42,1224.8200000000002,0.8876941457586619,0.8333333333333334,22.633333333333333,94.0,3001.0,73.32000000000002,9.4,1688.0,5.46,0.0,15.430243980674009,0.0002787759999591,2.802734325000074,2.803013101000033,2.755380833000345,1,0
A_Core|serial|trend+seasonal|GW:True|BL:False|MARL:False,A_Core,serial,trend+seasonal,True,False,False,123,1043.86,0.8657342657342657,0.7666666666666667,23.655555555555555,96.0,2445.5,68.80999999999999,9.6,1319.0,4.23,0.0,9.080262255088815,0.0002719510000588,2.69604867399994,2.6963206249999985,2.648893952999288,1,0
A_Core|serial|trend+seasonal|GW:True|BL:False|MARL:False,A_Core,serial,trend+seasonal,True,False,False,456,1122.34,0.8890356671070013,0.8,22.966666666666665,84.0,2697.0,69.94999999999999,8.4,1491.5,4.809999999999998,0.0,9.911453856490844,0.0002750759999798,2.7242328290001296,2.724507905000109,2.676099269999213,1,0
A_Core|serial|trend+seasonal|GW:True|BL:False|MARL:False,A_Core,serial,trend+seasonal,True,False,False,789,1189.87,0.8920245398773006,0.8666666666666667,24.73333333333333,88.0,2964.0,77.88999999999999,8.8,1682.0,5.44,0.0,11.208362871733254,0.000278999999864,2.7246126189997995,2.7248916189996635,2.676169836999634,1,0
A_Core|serial|trend+seasonal|GW:True|BL:False|MARL:False,A_Core,serial,trend+seasonal,True,False,False,1011,1286.28,0.9221835075493612,0.8666666666666667,24.07777777777778,67.0,3280.5,80.35,6.700000000000001,1901.0,6.170000000000002,0.0,18.547047130728792,0.0002768159999959,2.74236755600009,2.742644372000086,2.693871735000812,1,0
A_Core|serial|trend+seasonal|GW:True|BL:False|MARL:False,A_Core,serial,trend+seasonal,True,False,False,2022,1080.83,0.8664021164021164,0.8,27.266666666666666,101.0,2635.0,79.37000000000002,10.1,1460.0,4.7,0.0,9.596979397521135,0.0002728249999108,2.78956753500006,2.789840359999971,2.739113389999602,1,0
A_Core|serial|trend+seasonal|GW:True|BL:False|MARL:False,A_Core,serial,trend+seasonal,True,False,False,3033,1082.0099999999998,0.896978021978022,0.8333333333333334,25.9,75.0,2633.5,76.27999999999997,7.500000000000001,1463.0,4.71,0.0,15.510157408933573,0.0002741800001331,2.865716930999952,2.865991111000085,2.815770914999348,1,0
A_Core|serial|trend+seasonal|GW:True|BL:False|MARL:False,A_Core,serial,trend+seasonal,True,False,False,4044,1086.85,0.8729729729729729,0.7333333333333333,21.33333333333333,94.0,2572.0,65.23000000000002,9.4,1406.0,4.52,0.0,9.839192546583847,0.0002843580000444,5.792691428000126,5.79297578600017,5.705705306999107,1,0
A_Core|serial|trend+seasonal|GW:True|BL:False|MARL:False,A_Core,serial,trend+seasonal,True,False,False,5055,1176.66,0.8763636363636363,0.7666666666666667,24.72222222222222,102.0,2976.0,77.62000000000002,10.2,1706.0,5.5200000000000005,0.0,11.67249923896499,0.0007101630001216,7.276299762999997,7.277009926000119,7.06519934099947,1,0
A_Core|serial|trend+seasonal|GW:True|BL:False|MARL:False,A_Core,serial,trend+seasonal,True,False,False,6066,1149.29,0.8891752577319587,0.8333333333333334,23.244444444444444,86.0,2755.0,72.21000000000001,8.600000000000001,1520.0,4.9,0.0,7.275648329611232,0.0005117380001138,3.633810381999865,3.634322119999979,3.5760690920010347,1,0
A_Core|serial|trend+seasonal+shock|GW:False|BL:True|MARL:False,A_Core,serial,trend+seasonal+shock,False,True,False,42,2114.32,1.0,0.6666666666666666,32.87777777777778,241.0,5885.0,126.71999999999996,24.100000000000005,3608.0,11.86,0.0,18.33285496412231,0.0003263999999489,3.239751864000027,3.240078263999976,3.186870345999978,1,0
A_Core|serial|trend+seasonal+shock|GW:False|BL:True|MARL:False,A_Core,serial,trend+seasonal+shock,False,True,False,123,2111.63,0.9942897930049964,0.6,35.0,335.0,5918.5,132.44,33.49999999999999,3629.0,11.93,0.0,13.58802542976962,0.0003182069999638,3.206676235000032,3.206994441999996,3.156660483000905,1,0
A_Core|serial|trend+seasonal+shock|GW:False|BL:True|MARL:False,A_Core,serial,trend+seasonal+shock,False,True,False,456,2086.78,1.0,0.6333333333333333,33.01111111111111,182.0,5923.0,127.40999999999998,18.200000000000003,3678.5,12.11,0.0,15.319372915579557,0.0003034559999832,2.978297370999826,2.978600826999809,2.929591447000348,1,0
A_Core|serial|trend+seasonal+shock|GW:False|BL:True|MARL:False,A_Core,serial,trend+seasonal+shock,False,True,False,789,2072.87,1.0,0.7333333333333333,34.93333333333333,174.0,5812.0,131.97000000000003,17.400000000000002,3578.0,11.760000000000002,0.0,13.601453553702637,0.0002969219999613,2.914656783000055,2.9149537050000163,2.867057427999498,1,0
A_Core|serial|trend+seasonal+shock|GW:False|BL:True|MARL:False,A_Core,serial,trend+seasonal+shock,False,True,False,1011,2068.78,1.0,0.8666666666666667,35.644444444444446,65.0,5709.5,131.75000000000003,6.5,3491.0,11.470000000000002,0.0,13.335174242665566,0.0002552870000727,2.848949833000006,2.8492051200000788,2.8011651580000034,1,0
A_Core|serial|trend+seasonal+shock|GW:False|BL:True|MARL:False,A_Core,serial,trend+seasonal+shock,False,True,False,2022,2105.21,0.9963976945244956,0.7333333333333333,33.977777777777774,289.0,5873.5,128.56,28.9,3599.0,11.830000000000002,0.0,13.596441807232209,0.0002936070000032,2.8481532420000804,2.848446849000084,2.8011448449994987,1,0
A_Core|serial|trend+seasonal+shock|GW:False|BL:True|MARL:False,A_Core,serial,trend+seasonal+shock,False,True,False,3033,2084.99,1.0,0.7666666666666667,35.01111111111111,216.0,5816.0,131.68999999999994,21.6,3566.0,11.72,0.0,15.214367257918862,0.0002801010000439,2.8817901730001267,2.8820702740001707,2.8347992929998327,1,0
A_Core|serial|trend+seasonal+shock|GW:False|BL:True|MARL:False,A_Core,serial,trend+seasonal+shock,False,True,False,4044,2165.42,0.9815825375170532,0.4,32.4,447.0,6146.0,126.30000000000004,44.7,3797.0,12.579999999999997,0.0,12.35305829983133,0.0002728220001699,2.9361342199999854,2.936407042000156,2.8720500160002302,1,0
A_Core|serial|trend+seasonal+shock|GW:False|BL:True|MARL:False,A_Core,serial,trend+seasonal+shock,False,True,False,5055,2131.61,0.9845288326300984,0.5333333333333333,31.6,319.0,5950.0,124.49,31.90000000000001,3650.0,12.0,0.0,13.673387154801476,0.0002715030000217,2.840814999000031,2.841086502000053,2.7924313180001263,1,0
A_Core|serial|trend+seasonal+shock|GW:False|BL:True|MARL:False,A_Core,serial,trend+seasonal+shock,False,True,False,6066,2103.57,0.9949856733524356,0.6666666666666666,35.74444444444445,297.0,5911.5,132.73000000000002,29.700000000000003,3633.5,12.0,0.0,12.1069392003724,0.0003009639999618,2.965874888999906,2.966175852999868,2.916717069000697,1,0
A_Core|serial|trend+seasonal+shock|GW:False|BL:False|MARL:False,A_Core,serial,trend+seasonal+shock,False,False,False,42,1954.18,0.9148014440433212,0.6666666666666666,33.03333333333333,118.0,5374.0,119.25999999999992,11.8,3278.0,10.760000000000002,0.0,14.75358651898892,0.0003058879999571,3.068007695999995,3.068313583999952,3.0186599450007634,1,0
A_Core|serial|trend+seasonal+shock|GW:False|BL:False|MARL:False,A_Core,serial,trend+seasonal+shock,False,False,False,123,1954.3400000000004,0.9057815845824412,0.8,34.41111111111111,132.0,5373.0,122.71999999999998,13.200000000000005,3272.0,10.740000000000002,0.0,10.502465906089322,0.0003774100000555,3.042352022000159,3.0427294320002147,2.9909762510003475,1,0
A_Core|serial|trend+seasonal+shock|GW:False|BL:False|MARL:False,A_Core,serial,trend+seasonal+shock,False,False,False,456,1967.41,0.9294545454545454,0.8,31.022222222222226,97.0,5463.5,116.35999999999996,9.7,3359.0,11.03,0.0,14.511645529414436,0.0003050350001103,3.047225057000105,3.0475300920002155,2.9955984360001366,1,0
A_Core|serial|trend+seasonal+shock|GW:False|BL:False|MARL:False,A_Core,serial,trend+seasonal+shock,False,False,False,789,1948.21,0.9301983835415136,0.8333333333333334,34.2,95.0,5384.5,122.98,9.499999999999998,3293.0,10.81,0.0,11.270453930803832,0.0003120490000583,3.0402097229998617,3.04052177199992,2.988210499999923,1,0
A_Core|serial|trend+seasonal+shock|GW:False|BL:False|MARL:False,A_Core,serial,trend+seasonal+shock,False,False,False,1011,1986.8400000000004,0.9546805349182764,0.7666666666666667,31.844444444444445,61.0,5460.0,118.09999999999994,6.1,3338.0,10.960000000000004,0.0,12.541872391934508,0.0003078639999785,3.109657879999986,3.1099657439999646,3.058590612999751,1,0
A_Core|serial|trend+seasonal+shock|GW:False|BL:False|MARL:False,A_Core,serial,trend+seasonal+shock,False,False,False,2022,1940.68,0.9070605187319885,0.6666666666666666,34.9,129.0,5323.0,122.79999999999995,12.9,3236.0,10.62,0.0,10.161539090388864,0.0003041670001948,3.010254896999868,3.010559064000063,2.959513279999328,1,0
A_Core|serial|trend+seasonal+shock|GW:False|BL:False|MARL:False,A_Core,serial,trend+seasonal+shock,False,False,False,3033,1958.43,0.9283625730994152,0.8,34.03333333333333,98.0,5385.0,121.99,9.8,3284.0,10.78,0.0,12.697370887219073,0.0002988910000567,2.8990190669999265,2.899317957999984,2.848236891999932,1,0
A_Core|serial|trend+seasonal+shock|GW:False|BL:False|MARL:False,A_Core,serial,trend+seasonal+shock,False,False,False,4044,1978.62,0.878581173260573,0.4666666666666667,31.91111111111111,178.0,5471.5,117.05,17.8,3347.0,11.03,0.0,9.899142052732367,0.0002861860000393,2.8328743720001057,2.833160558000145,2.784752993999973,1,0
A_Core|serial|trend+seasonal+shock|GW:False|BL:False|MARL:False,A_Core,serial,trend+seasonal+shock,False,False,False,5055,2006.94,0.9127988748241912,0.7,31.266666666666666,124.0,5491.0,116.68,12.4,3344.0,10.980000000000002,0.0,11.296406625509077,0.0002776730000277,2.490754554999967,2.4910322279999946,2.448085538999976,1,0
A_Core|serial|trend+seasonal+shock|GW:False|BL:False|MARL:False,A_Core,serial,trend+seasonal+shock,False,False,False,6066,1961.4,0.9140401146131804,0.7,35.3,120.0,5403.0,124.23,12.0,3294.5,10.87,0.0,9.490987379745524,0.0002299889999903,2.292544463000013,2.292774452000004,2.250710363999815,1,0
A_Core|serial|trend+seasonal+shock|GW:True|BL:True|MARL:False,A_Core,serial,trend+seasonal+shock,True,True,False,42,1565.6800000000003,1.0,0.7666666666666667,33.13333333333333,149.0,4146.0,107.41999999999996,14.9,2450.0,7.999999999999999,0.0,50.67526386204847,0.0002573100000518,2.425758265000013,2.426015575000065,2.382675816999836,1,0
A_Core|serial|trend+seasonal+shock|GW:True|BL:True|MARL:False,A_Core,serial,trend+seasonal+shock,True,True,False,123,1552.91,0.970873786407767,0.7666666666666667,34.766666666666666,279.0,4150.0,111.19000000000004,27.9,2450.0,7.999999999999998,0.0,26.238384560400288,0.0002460809998865,2.3525944069999696,2.352840487999856,2.310993114000212,1,0
A_Core|serial|trend+seasonal+shock|GW:True|BL:True|MARL:False,A_Core,serial,trend+seasonal+shock,True,True,False,456,1634.32,0.9990439770554492,0.8,34.78888888888889,128.0,4352.5,111.93000000000004,12.8,2585.0,8.45,0.0,30.910162360999543,0.0002233990001059,2.4851946500000395,2.4854180490001454,2.4147975379992204,1,0
A_Core|serial|trend+seasonal+shock|GW:True|BL:True|MARL:False,A_Core,serial,trend+seasonal+shock,True,True,False,789,1603.16,1.0,0.8333333333333334,38.8,162.0,4499.5,124.15,16.200000000000003,2747.0,8.989999999999998,0.0,36.23866665428304,0.0002533560000301,2.472524969999995,2.472778326000025,2.4299800879996383,1,0
A_Core|serial|trend+seasonal+shock|GW:True|BL:True|MARL:False,A_Core,serial,trend+seasonal+shock,True,True,False,1011,1743.9700000000005,1.0,0.8,40.91111111111111,117.0,5203.5,138.00000000000003,11.7,3299.0,10.83,0.0,26.70736357247723,0.0002591279999251,2.708441197000184,2.708700325000109,2.6640637610000795,1,0
A_Core|serial|trend+seasonal+shock|GW:True|BL:True|MARL:False,A_Core,serial,trend+seasonal+shock,True,True,False,2022,1476.6,1.0,0.7333333333333333,35.2,203.0,4073.0,112.08,20.3,2456.0,8.02,0.0,31.744244840682047,0.0002629319999414,2.686622214999943,2.6868851469998845,2.6404911550002907,1,0
A_Core|serial|trend+seasonal+shock|GW:True|BL:True|MARL:False,A_Core,serial,trend+seasonal+shock,True,True,False,3033,1504.06,1.0,0.8,37.7,143.0,4077.5,116.19000000000004,14.3,2435.0,7.95,0.0,33.4772235446873,0.0002730239998527,2.8250617569999577,2.8253347809998104,2.777729897999734,1,0
A_Core|serial|trend+seasonal+shock|GW:True|BL:True|MARL:False,A_Core,serial,trend+seasonal+shock,True,True,False,4044,1475.0700000000002,0.991578947368421,0.6666666666666666,34.25555555555555,204.0,3898.0,105.52000000000002,20.4,2289.5,7.510000000000001,0.0,37.42031292890475,0.0002844139999069,2.9268385379998563,2.9271229519997632,2.877722537999944,1,0
A_Core|serial|trend+seasonal+shock|GW:True|BL:True|MARL:False,A_Core,serial,trend+seasonal+shock,True,True,False,5055,1487.0,0.9881539980256664,0.6666666666666666,38.577777777777776,208.0,4454.5,124.48999999999992,20.8,2813.0,9.21,0.0,43.00543662187094,0.0002929770000719,2.927328088999957,2.927621066000029,2.878427585000054,1,0
A_Core|serial|trend+seasonal+shock|GW:True|BL:True|MARL:False,A_Core,serial,trend+seasonal+shock,True,True,False,6066,1557.25,0.9699321047526672,0.8,35.27777777777778,187.0,4160.0,110.94999999999996,18.7,2465.0,8.1,0.0,15.259309167155523,0.0003204820000064,2.858880310999893,2.8592007929999,2.8130423040006463,1,0
A_Core|serial|trend+seasonal+shock|GW:True|BL:False|MARL:False,A_Core,serial,trend+seasonal+shock,True,False,False,42,1651.38,0.916307161345988,0.8333333333333334,31.2,97.0,4511.5,106.47000000000004,9.7,2735.0,8.95,0.0,23.21420070579225,0.0002551410000251,2.468390709999994,2.46864585100002,2.423889119999558,1,0
A_Core|serial|trend+seasonal+shock|GW:True|BL:False|MARL:False,A_Core,serial,trend+seasonal+shock,True,False,False,123,1425.77,0.9030303030303032,0.7666666666666667,30.488888888888887,96.0,3690.5,95.12000000000003,9.6,2153.0,7.01,0.0,16.242348539705525,0.0002524470000935,2.3889383000000635,2.389190747000157,2.346445693000078,1,0
A_Core|serial|trend+seasonal+shock|GW:True|BL:False|MARL:False,A_Core,serial,trend+seasonal+shock,True,False,False,456,1570.29,0.9254426840633736,0.8,31.45555555555556,80.0,4128.5,101.24,8.0,2441.0,7.97,0.0,18.40750435441493,0.0002425789998596,2.686851045999901,2.687093624999761,2.639133436000293,1,0
A_Core|serial|trend+seasonal+shock|GW:True|BL:False|MARL:False,A_Core,serial,trend+seasonal+shock,True,False,False,789,1668.17,0.9200343938091144,0.8666666666666667,33.4,93.0,4505.0,110.67,9.3,2708.0,8.86,0.0,13.686231353817965,0.0003132370000002,5.744584940000095,5.744898177000096,5.668594017000487,1,0
A_Core|serial|trend+seasonal+shock|GW:True|BL:False|MARL:False,A_Core,serial,trend+seasonal+shock,True,False,False,1011,1754.46,0.9409317803660566,0.8333333333333334,33.63333333333333,71.0,4797.0,113.90000000000003,7.1000000000000005,2912.0,9.54,0.0,18.164314974965865,0.001007232999882,6.569795037999938,6.57080227099982,6.473482830000421,1,0
A_Core|serial|trend+seasonal+shock|GW:True|BL:False|MARL:False,A_Core,serial,trend+seasonal+shock,True,False,False,2022,1518.51,0.9007421150278292,0.8,35.12222222222222,107.0,4069.5,109.37999999999997,10.7,2423.0,7.910000000000002,0.0,11.823990891897273,0.0006193179999627,4.758188788000098,4.75880810600006,4.685125628999913,1,0
A_Core|serial|trend+seasonal+shock|GW:True|BL:False|MARL:False,A_Core,serial,trend+seasonal+shock,True,False,False,3033,1541.03,0.925189393939394,0.8333333333333334,32.45555555555556,79.0,4071.5,103.69999999999996,7.9,2411.0,7.87,0.0,16.60225618631732,0.0005925749999278,3.9670098670001153,3.967602442000043,3.903524515000981,1,0
A_Core|serial|trend+seasonal+shock|GW:True|BL:False|MARL:False,A_Core,serial,trend+seasonal+shock,True,False,False,4044,1432.83,0.9009009009009008,0.7333333333333333,29.744444444444444,99.0,3730.5,93.12999999999998,9.900000000000002,2187.5,7.140000000000001,0.0,19.214728974047887,0.0003334059999815,2.878246198999932,2.878579604999913,2.829985844999783,1,0
A_Core|serial|trend+seasonal+shock|GW:True|BL:False|MARL:False,A_Core,serial,trend+seasonal+shock,True,False,False,5055,1565.8,0.9049327354260088,0.7666666666666667,33.98888888888889,106.0,4288.0,109.11999999999996,10.599999999999998,2594.0,8.48,0.0,20.159713799572444,0.0002790099999856,2.534066533999976,2.5343455439999616,2.4909353279999777,1,0
A_Core|serial|trend+seasonal+shock|GW:True|BL:False|MARL:False,A_Core,serial,trend+seasonal+shock,True,False,False,6066,1559.41,0.9259606373008434,0.8,30.488888888888887,79.0,4126.0,100.68999999999993,7.9,2450.0,8.0,0.0,11.57505233258858,0.0002497779998975,2.357528514000024,2.357778291999921,2.315364302999569,1,0
B_PaperReplication|base|stationary|GW:False|BL:True|MARL:False,B_PaperReplication,base,stationary,False,True,False,42,849.521,1.0,0.8666666666666667,106.14444444444445,27.0,2978.9999999999995,329.96899999999994,2.7000000000000006,1783.0,13.809999999999995,0.0,226.3702568033729,0.0003515070000048,7.450319596999861,7.450671103999866,7.379191824000372,1,0
B_PaperReplication|base|stationary|GW:False|BL:True|MARL:False,B_PaperReplication,base,stationary,False,True,False,123,863.233,1.0,0.7,105.15,64.0,2983.399999999999,326.5570000000002,6.400000000000001,1773.4000000000003,13.81,0.0,120.08621338349906,0.0003382459999556,8.026188112,8.026526357999956,7.947987127000033,1,0
B_PaperReplication|base|stationary|GW:False|BL:True|MARL:False,B_PaperReplication,base,stationary,False,True,False,456,839.904,1.0,0.8666666666666667,105.81666666666666,15.0,2981.399999999999,328.78599999999983,1.5,1797.4,13.809999999999995,0.0,164.70633099352054,0.0003687370001443,8.710618796000063,8.710987533000207,8.628244938001217,1,0
B_PaperReplication|base|stationary|GW:False|BL:True|MARL:False,B_PaperReplication,base,stationary,False,True,False,789,783.846,1.0,0.9333333333333332,108.22777777777776,4.0,2888.2,335.94399999999985,0.4,1754.1999999999998,13.81,0.0,105.53115834123008,0.0003764900000078,12.809388318999936,12.809764808999944,12.702701546000071,1,0
B_PaperReplication|base|stationary|GW:False|BL:True|MARL:False,B_PaperReplication,base,stationary,False,True,False,1011,773.136,1.0,0.9333333333333332,111.12222222222222,8.0,2882.6,342.2539999999999,0.8,1752.6,13.81,0.0,191.32692729265625,0.0005300169998463,14.023976534999974,14.02450655199982,13.90079476200026,1,0
B_PaperReplication|base|stationary|GW:False|BL:True|MARL:False,B_PaperReplication,base,stationary,False,True,False,2022,826.097,1.0,0.6333333333333333,106.42222222222222,67.0,2962.5999999999995,331.3929999999999,6.700000000000001,1784.6,13.81,0.0,81.64955976566516,0.000500761000012,9.665191997999957,9.665692758999969,9.575627986999734,1,0
B_PaperReplication|base|stationary|GW:False|BL:True|MARL:False,B_PaperReplication,base,stationary,False,True,False,3033,790.428,1.0,0.9666666666666668,107.83888888888887,7.0,2881.4,335.0619999999998,0.7000000000000001,1741.4,13.809999999999995,0.0,165.0951219512195,0.0003885359999458,7.891414237999925,7.891802773999871,7.815316273000235,1,0
B_PaperReplication|base|stationary|GW:False|BL:True|MARL:False,B_PaperReplication,base,stationary,False,True,False,4044,904.223,1.0,0.5,103.31666666666666,119.0,3050.599999999999,320.06699999999984,11.9,1800.6,13.809999999999995,0.0,175.2998879342548,0.0003373970000666,7.912947695000184,7.913285092000251,7.837210183999332,1,0
B_PaperReplication|base|stationary|GW:False|BL:True|MARL:False,B_PaperReplication,base,stationary,False,True,False,5055,872.587,0.988673139158576,0.6666666666666666,105.6,84.0,3006.5999999999995,327.20299999999975,8.4,1784.6,13.81,0.0,145.96059876118375,0.0003635169998688,8.044999613000073,8.045363129999942,7.967231887000025,1,0
B_PaperReplication|base|stationary|GW:False|BL:True|MARL:False,B_PaperReplication,base,stationary,False,True,False,6066,847.233,1.0,0.7666666666666667,106.41111111111113,19.0,2973.8,331.05699999999973,1.9000000000000004,1779.8000000000002,13.809999999999995,0.0,96.96586178184845,0.0003592509999634,8.243544065999913,8.243903316999877,8.162616226000864,1,0
B_PaperReplication|base|stationary|GW:False|BL:False|MARL:False,B_PaperReplication,base,stationary,False,False,False,42,836.22,0.9882943143812708,0.9333333333333332,107.36111111111111,7.0,2928.2,331.2699999999998,0.7000000000000001,1746.1999999999998,13.81,0.0,233.5627635109237,0.0003707329999542,8.785814967000078,8.786185700000033,8.698853377999967,1,0
B_PaperReplication|base|stationary|GW:False|BL:False|MARL:False,B_PaperReplication,base,stationary,False,False,False,123,827.172,0.9702479338842976,0.8666666666666667,107.33888888888887,18.0,2907.399999999999,331.218,1.8,1733.4,13.81,0.0,121.92039774254228,0.0003842449998501,9.948719969999956,9.949104214999808,9.857301165999845,1,0
B_PaperReplication|base|stationary|GW:False|BL:False|MARL:False,B_PaperReplication,base,stationary,False,False,False,456,824.6119999999999,0.9864864864864864,0.8666666666666667,107.46666666666668,8.0,2891.8,328.77799999999974,0.8,1723.8,13.81,0.0,157.1139983801296,0.0004548409999642,9.461234041999887,9.461688882999852,9.366753574000311,1,0
B_PaperReplication|base|stationary|GW:False|BL:False|MARL:False,B_PaperReplication,base,stationary,False,False,False,789,774.9469999999999,0.9929453262786596,0.9333333333333332,109.12222222222222,4.0,2843.399999999999,336.8429999999995,0.4,1717.3999999999996,13.81,0.0,104.1130364153242,0.0004231930001878,9.70906204500011,9.709485238000298,9.614137454999764,1,0
B_PaperReplication|base|stationary|GW:False|BL:False|MARL:False,B_PaperReplication,base,stationary,False,False,False,1011,765.0029999999999,0.9929203539823008,0.9333333333333332,111.45,4.0,2857.0,342.78699999999986,0.4,1734.9999999999998,13.81,0.0,189.204238217026,0.0004114820001177,11.025026859000036,11.025438341000154,10.921382230999823,1,0
B_PaperReplication|base|stationary|GW:False|BL:False|MARL:False,B_PaperReplication,base,stationary,False,False,False,2022,788.631,0.967741935483871,0.8666666666666667,108.18333333333334,19.0,2889.4,335.65899999999965,1.9000000000000004,1749.4,13.81,0.0,82.88975298913974,0.0004917730000215,9.563803217999975,9.564294990999995,9.473984200999666,1,0
B_PaperReplication|base|stationary|GW:False|BL:False|MARL:False,B_PaperReplication,base,stationary,False,False,False,3033,783.795,0.9947368421052633,0.9666666666666668,108.20555555555556,3.0,2876.999999999999,336.095,0.3,1742.9999999999998,13.81,0.0,154.3905826558266,0.0003734969998276,7.713870697999937,7.714244194999765,7.638621995999301,1,0
B_PaperReplication|base|stationary|GW:False|BL:False|MARL:False,B_PaperReplication,base,stationary,False,False,False,4044,846.4979999999999,0.9504,0.7,105.68333333333334,31.0,2919.8,324.5919999999998,3.1000000000000005,1731.8000000000004,13.81,0.0,169.3654090399701,0.0003349350001826,8.155358780999904,8.155693716000087,8.07625021699937,1,0
B_PaperReplication|base|stationary|GW:False|BL:False|MARL:False,B_PaperReplication,base,stationary,False,False,False,5055,830.2439999999999,0.953074433656958,0.7333333333333333,107.98333333333332,29.0,2911.399999999999,331.0459999999998,2.9000000000000004,1733.3999999999996,13.81,0.0,143.58734801559987,0.0003548629999841,8.104354572000148,8.104709435000132,8.025121639999497,1,0
B_PaperReplication|base|stationary|GW:False|BL:False|MARL:False,B_PaperReplication,base,stationary,False,False,False,6066,814.1699999999998,0.9748743718592964,0.8333333333333334,108.56666666666666,15.0,2894.2000000000003,334.5199999999998,1.5000000000000002,1730.2,13.81,0.0,90.31921811189088,0.0003791280000768,7.942002864999949,7.942381993000026,7.861261289999902,1,0
B_PaperReplication|serial|stationary|GW:False|BL:True|MARL:False,B_PaperReplication,serial,stationary,False,True,False,42,1021.26,1.0,0.8666666666666667,26.522222222222226,30.0,2346.0,67.74000000000001,3.0000000000000004,1250.0,4.000000000000001,0.0,47.17516289766196,0.000280474999954,2.5147221289998924,2.5150026039998465,2.471308780999834,1,0
B_PaperReplication|serial|stationary|GW:False|BL:True|MARL:False,B_PaperReplication,serial,stationary,False,True,False,123,1021.91,0.9950413223140496,0.6666666666666666,26.344444444444445,59.0,2371.5,68.62000000000002,5.9,1271.0,4.070000000000001,0.0,23.70486428379468,0.0002566980001574,2.630385997000076,2.6306426950002333,2.5876894419996006,1,0
B_PaperReplication|serial|stationary|GW:False|BL:True|MARL:False,B_PaperReplication,serial,stationary,False,True,False,456,1006.19,1.0,0.7666666666666667,26.64444444444445,21.0,2351.5,68.14000000000001,2.1,1271.0,4.07,0.0,38.688512419006486,0.0002484310000454,2.6003623270000844,2.60061075800013,2.556550778999963,1,0
B_PaperReplication|serial|stationary|GW:False|BL:True|MARL:False,B_PaperReplication,serial,stationary,False,True,False,789,964.29,1.0,0.9,29.11111111111111,7.0,2244.0,73.17,0.7000000000000001,1202.0,3.840000000000001,0.0,19.027841703894225,0.0002663689999735,2.5982893059999697,2.598555674999943,2.5542414840008405,1,0
B_PaperReplication|serial|stationary|GW:False|BL:True|MARL:False,B_PaperReplication,serial,stationary,False,True,False,1011,967.98,0.9964601769911504,0.9666666666666668,30.488888888888887,2.0,2183.5,72.69000000000004,0.2,1139.0,3.630000000000001,0.0,30.3901351845086,0.0002865690000817,2.567182184999865,2.567468753999947,2.522934493000548,1,0
B_PaperReplication|serial|stationary|GW:False|BL:True|MARL:False,B_PaperReplication,serial,stationary,False,True,False,2022,1006.35,1.0,0.8,26.5,46.0,2305.5,67.64000000000003,4.6000000000000005,1223.0,3.91,0.0,15.344170749254864,0.0002734239999426,2.69222817900004,2.6925016029999824,2.648403004000329,1,0
B_PaperReplication|serial|stationary|GW:False|BL:True|MARL:False,B_PaperReplication,serial,stationary,False,True,False,3033,963.4,1.0,1.0,28.122222222222224,0.0,2282.5,72.6,0.0,1242.5,3.999999999999999,0.0,28.153455284552848,0.0002706050001961,2.671366634999913,2.671637240000109,2.625919697000654,1,0
B_PaperReplication|serial|stationary|GW:False|BL:True|MARL:False,B_PaperReplication,serial,stationary,False,True,False,4044,1060.94,1.0,0.6666666666666666,23.77777777777778,63.0,2472.5,63.96999999999999,6.3,1337.0,4.290000000000001,0.0,36.34822562570041,0.0002503099999557,2.609867159000032,2.610117468999988,2.564975376000348,1,0
B_PaperReplication|serial|stationary|GW:False|BL:True|MARL:False,B_PaperReplication,serial,stationary,False,True,False,5055,1037.92,0.9870550161812298,0.6666666666666666,25.855555555555554,68.0,2395.0,66.18000000000004,6.8,1280.0,4.1,0.0,28.948153246157386,0.0002707109999846,2.717453781000131,2.717724492000116,2.67338739699926,1,0
B_PaperReplication|serial|stationary|GW:False|BL:True|MARL:False,B_PaperReplication,serial,stationary,False,True,False,6066,1012.83,0.9932998324958124,0.8,27.3,31.0,2318.5,69.63999999999999,3.1000000000000005,1229.0,3.9300000000000006,0.0,21.216803457436264,0.0002601410001261,2.638990121999996,2.6392502630001218,2.595038135999175,1,0
B_PaperReplication|serial|stationary|GW:False|BL:False|MARL:False,B_PaperReplication,serial,stationary,False,False,False,42,1001.27,0.9749163879598662,0.9333333333333332,27.5,15.0,2276.0,67.39000000000003,1.5,1202.0,3.8400000000000007,0.0,33.702184745113065,0.0002607599999464,2.532910604000108,2.5331713640000544,2.4891275279999263,1,0
B_PaperReplication|serial|stationary|GW:False|BL:False|MARL:False,B_PaperReplication,serial,stationary,False,False,False,123,1001.1,0.9669421487603306,0.8666666666666667,27.066666666666663,20.0,2295.0,67.99999999999999,2.0,1220.0,3.900000000000001,0.0,18.37678043536684,0.0002519199999824,2.508007429999907,2.5082593499998893,2.464235629999848,1,0
B_PaperReplication|serial|stationary|GW:False|BL:False|MARL:False,B_PaperReplication,serial,stationary,False,False,False,456,1001.89,0.9864864864864864,0.8333333333333334,25.877777777777776,8.0,2303.0,64.36999999999996,0.8,1232.0,3.940000000000001,0.0,25.909557235421165,0.0002539280001201,2.4046928780001053,2.404946806000225,2.361507918999905,1,0
B_PaperReplication|serial|stationary|GW:False|BL:False|MARL:False,B_PaperReplication,serial,stationary,False,False,False,789,961.16,0.9929453262786596,0.9333333333333332,28.677777777777777,4.0,2226.0,70.63999999999997,0.4,1190.0,3.800000000000001,0.0,16.261901538739224,0.0002463999999235,2.412615411999923,2.4128618119998464,2.36999665900089,1,0
B_PaperReplication|serial|stationary|GW:False|BL:False|MARL:False,B_PaperReplication,serial,stationary,False,False,False,1011,957.8,0.9876106194690264,0.9333333333333332,30.57777777777778,7.0,2173.5,72.37000000000002,0.7000000000000001,1139.0,3.630000000000001,0.0,24.35725246620387,0.0002463929999976,2.432887359999995,2.433133752999993,2.3911056430001736,1,0
B_PaperReplication|serial|stationary|GW:False|BL:False|MARL:False,B_PaperReplication,serial,stationary,False,False,False,2022,954.09,0.9473684210526316,0.8333333333333334,28.42222222222222,31.0,2193.5,69.60000000000004,3.1,1163.0,3.71,0.0,11.150810236733015,0.000244640000119,2.371831633000056,2.372076273000175,2.330297012999836,1,0
B_PaperReplication|serial|stationary|GW:False|BL:False|MARL:False,B_PaperReplication,serial,stationary,False,False,False,3033,968.79,0.9947368421052633,0.9666666666666668,27.877777777777776,3.0,2239.0,70.08999999999999,0.3,1196.0,3.820000000000001,0.0,21.616802168021685,0.0002360250000492,2.334500196999897,2.334736221999947,2.29193508800131,1,0
B_PaperReplication|serial|stationary|GW:False|BL:False|MARL:False,B_PaperReplication,serial,stationary,False,False,False,4044,1014.42,0.9504,0.7,24.53333333333333,31.0,2353.0,63.41999999999998,3.1000000000000005,1268.0,4.060000000000001,0.0,27.26305565932013,0.0002360959999805,2.369040446000099,2.36927654200008,2.3270686230000592,1,0
B_PaperReplication|serial|stationary|GW:False|BL:False|MARL:False,B_PaperReplication,serial,stationary,False,False,False,5055,1008.42,0.9514563106796116,0.7333333333333333,26.622222222222224,30.0,2301.0,65.68000000000002,3.0,1220.0,3.900000000000001,0.0,21.078228951594408,0.0002558520000093,2.472046323000086,2.472302175000096,2.4285013080004774,1,0
B_PaperReplication|serial|stationary|GW:False|BL:False|MARL:False,B_PaperReplication,serial,stationary,False,False,False,6066,995.74,0.9715242881072028,0.8333333333333334,28.155555555555555,17.0,2260.0,68.76000000000003,1.7000000000000002,1190.0,3.800000000000001,0.0,15.295190515839977,0.0002417760001662,3.311075026000026,3.311316802000192,3.260039261999509,1,0
C_MARL|base|trend+seasonal|GW:False|BL:True|MARL:True,C_MARL,base,trend+seasonal,False,True,True,42,1549.967,1.0,0.7,72.06111111111112,883.0,4156.599999999999,263.9229999999999,88.30000000000001,2240.6000000000004,13.81,0.0,52.88828285420945,0.0004110279999167,8.783363936000114,8.783774964000031,8.697446114999138,1,0
C_MARL|base|trend+seasonal|GW:False|BL:True|MARL:True,C_MARL,base,trend+seasonal,False,True,True,123,1567.4640000000002,1.0,0.6,72.03888888888889,1031.0,4169.4,263.6259999999998,103.1,2221.4,13.810000000000006,0.0,25.491165953866656,0.0003456340000411,8.420522269999992,8.420867904000033,8.338387469999816,1,0
C_MARL|base|trend+seasonal|GW:False|BL:True|MARL:True,C_MARL,base,trend+seasonal,False,True,True,456,1526.88,1.0,0.6333333333333333,72.55,804.0,4109.0,264.9100000000001,80.4,2223.000000000001,13.81,0.0,42.3604984770162,0.0003715319999173,8.413638584000182,8.4140101160001,8.329687469000191,1,0
C_MARL|base|trend+seasonal|GW:False|BL:True|MARL:True,C_MARL,base,trend+seasonal,False,True,True,789,1481.978,1.0,0.7333333333333333,74.52777777777777,804.0,4030.6,269.81199999999995,80.4,2184.5999999999995,13.81,0.0,29.195206937171484,0.0003757419999601,7.93881763100012,7.93919337300008,7.863590735000344,1,0
C_MARL|base|trend+seasonal|GW:False|BL:True|MARL:True,C_MARL,base,trend+seasonal,False,True,True,1011,1489.431,1.0,0.7333333333333333,77.45,518.0,4000.6,276.959,51.8,2168.600000000001,13.81,0.0,45.6685576132988,0.0003776230000767,7.659533825999915,7.659911448999992,7.584843840999838,1,0
C_MARL|base|trend+seasonal|GW:False|BL:True|MARL:True,C_MARL,base,trend+seasonal,False,True,True,2022,1546.3960000000002,1.0,0.6,72.70555555555555,912.0,4142.2,264.59399999999977,91.20000000000002,2226.2,13.810000000000004,0.0,34.731087815390154,0.0003415149999455,7.786141824999959,7.786483339999904,7.709469281998963,1,0
C_MARL|base|trend+seasonal|GW:False|BL:True|MARL:True,C_MARL,base,trend+seasonal,False,True,True,3033,1494.8460000000002,1.0,0.7,74.61111111111111,752.0,4041.8,270.1439999999998,75.2,2187.8,13.81,0.0,54.50028281997222,0.0003558220000741,7.781171412000049,7.781527234000123,7.70447797599968,1,0
C_MARL|base|trend+seasonal|GW:False|BL:True|MARL:True,C_MARL,base,trend+seasonal,False,True,True,4044,1640.4789999999998,0.9941060903732808,0.2333333333333333,69.06666666666666,1147.0,4306.200000000001,255.01099999999985,114.69999999999996,2282.2000000000003,13.810000000000004,0.0,33.55020422055821,0.0003743800000393,7.807198842000162,7.807573222000201,7.730600693000497,1,0
C_MARL|base|trend+seasonal|GW:False|BL:True|MARL:True,C_MARL,base,trend+seasonal,False,True,True,5055,1605.353,1.0,0.5,71.78888888888889,923.0,4219.400000000001,262.53700000000003,92.30000000000004,2245.4,13.810000000000002,0.0,31.726918114441737,0.0003313100000923,7.54992368499984,7.550254994999932,7.474345583000286,1,0
C_MARL|base|trend+seasonal|GW:False|BL:True|MARL:True,C_MARL,base,trend+seasonal,False,True,True,6066,1564.583,1.0,0.5333333333333333,72.41111111111111,945.0,4169.0,265.1069999999999,94.5,2231.0,13.809999999999995,0.0,26.19152546665654,0.0006035430001247,8.124028545000101,8.124632088000226,8.0450737439985,1,0
C_MARL|base|trend+seasonal+shock|GW:False|BL:True|MARL:True,C_MARL,base,trend+seasonal+shock,False,True,True,42,2433.3450000000003,1.0,0.6333333333333333,46.36666666666667,922.0,5703.399999999999,230.64499999999992,92.20000000000005,2933.4,13.81,0.0,23.49310698302373,0.0003676620001442,8.752535487999921,8.752903150000066,8.66611152199971,1,0
C_MARL|base|trend+seasonal+shock|GW:False|BL:True|MARL:True,C_MARL,base,trend+seasonal+shock,False,True,True,123,2449.993,1.0,0.6,46.83888888888889,1057.0,5713.000000000001,231.85699999999983,105.7,2911.6,13.85,0.0,15.826337252007274,0.0004022139999051,8.872418417000063,8.872820630999968,8.785766322000427,1,0
C_MARL|base|trend+seasonal+shock|GW:False|BL:True|MARL:True,C_MARL,base,trend+seasonal+shock,False,True,True,456,2417.026,1.0,0.5666666666666667,47.1,848.0,5682.6,231.64399999999983,84.80000000000003,2935.1500000000005,13.98,0.0,21.74078998116932,0.000408679999964,8.762261028000012,8.762669707999976,8.676477668000643,1,0
C_MARL|base|trend+seasonal+shock|GW:False|BL:True|MARL:True,C_MARL,base,trend+seasonal+shock,False,True,True,789,2386.7609999999995,1.0,0.7333333333333333,49.37777777777778,840.0,5577.0,237.42900000000003,84.0,2855.0000000000005,13.81,0.0,16.713810664726562,0.0004076220000115,9.004353086000037,9.004760708000049,8.919475301000148,1,0
C_MARL|base|trend+seasonal+shock|GW:False|BL:True|MARL:True,C_MARL,base,trend+seasonal+shock,False,True,True,1011,2384.695,1.0,0.6666666666666666,51.422222222222224,525.0,5540.6,240.99499999999995,52.500000000000014,2848.5999999999995,13.809999999999995,0.0,17.70029942980919,0.0004185540001344,9.24519588499993,9.245614439000065,9.156176024999697,1,0
C_MARL|base|trend+seasonal+shock|GW:False|BL:True|MARL:True,C_MARL,base,trend+seasonal+shock,False,True,True,2022,2436.0740000000005,1.0,0.5666666666666667,47.12777777777778,938.0,5691.0,232.15599999999984,93.8,2915.150000000001,13.82,0.0,14.988585579202663,0.0004143140001815,8.096833329999981,8.097247644000163,8.019802262999065,1,0
C_MARL|base|trend+seasonal+shock|GW:False|BL:True|MARL:True,C_MARL,base,trend+seasonal+shock,False,True,True,3033,2408.775,1.0,0.6333333333333333,48.44444444444444,787.0,5624.6,234.71499999999995,78.7,2888.6000000000004,13.810000000000002,0.0,18.498990441138886,0.000364141999853,8.338106342000174,8.338470484000027,8.258884458000466,1,0
C_MARL|base|trend+seasonal+shock|GW:False|BL:True|MARL:True,C_MARL,base,trend+seasonal+shock,False,True,True,4044,2504.81,0.980218281036835,0.2333333333333333,44.333333333333336,1261.0,5859.400000000001,224.64000000000007,126.10000000000002,2989.749999999999,14.1,0.0,14.130274188025515,0.0004140059998007,8.459229987000072,8.459643992999872,8.378085635000843,1,0
C_MARL|base|trend+seasonal+shock|GW:False|BL:True|MARL:True,C_MARL,base,trend+seasonal+shock,False,True,True,5055,2491.461,0.9950773558368496,0.5333333333333333,45.85,970.0,5757.000000000001,227.72900000000004,97.0,2926.9999999999995,13.81,0.0,15.868356862237189,0.000344479999967,9.415498910999986,9.415843390999951,9.324689577999834,1,0
C_MARL|base|trend+seasonal+shock|GW:False|BL:True|MARL:True,C_MARL,base,trend+seasonal+shock,False,True,True,6066,2443.754,0.998567335243553,0.5333333333333333,47.27777777777778,980.0,5681.4,232.43600000000004,98.0,2893.4,13.81,0.0,14.984366918382124,0.0004532549999112,9.916325010000037,9.916778264999948,9.825499128999809,1,0
C_MARL|serial|trend+seasonal|GW:False|BL:True|MARL:True,C_MARL,serial,trend+seasonal,False,True,True,42,1514.9699999999998,1.0,0.7,22.58888888888889,238.0,3978.5,87.08000000000001,23.800000000000004,2345.0,7.65,0.0,31.740326617043124,0.000301464000131,2.49940727000012,2.499708734000251,2.456908712999848,1,0
C_MARL|serial|trend+seasonal|GW:False|BL:True|MARL:True,C_MARL,serial,trend+seasonal,False,True,True,123,1528.0500000000002,0.9989733059548256,0.6,24.288888888888888,326.0,4028.5,91.12,32.6,2369.0,7.73,0.0,18.405042768001124,0.0002399109998805,2.5708678369999234,2.571107747999804,2.527890614000171,1,0
C_MARL|serial|trend+seasonal|GW:False|BL:True|MARL:True,C_MARL,serial,trend+seasonal,False,True,True,456,1486.03,1.0,0.6666666666666666,22.77777777777778,178.0,3968.5,87.94000000000003,17.800000000000004,2369.0,7.730000000000001,0.0,22.40756562733029,0.0002359099999011,2.553069154000013,2.553305063999914,2.5086378779997176,1,0
C_MARL|serial|trend+seasonal|GW:False|BL:True|MARL:True,C_MARL,serial,trend+seasonal,False,True,True,789,1452.91,1.0,0.7333333333333333,24.488888888888887,173.0,3881.0,91.25,17.3,2312.0,7.540000000000002,0.0,18.55154868789657,0.0002602469999146,2.505913318000012,2.5061735649999264,2.463304828999526,1,0
C_MARL|serial|trend+seasonal|GW:False|BL:True|MARL:True,C_MARL,serial,trend+seasonal,False,True,True,1011,1463.85,1.0,0.9333333333333332,25.655555555555555,62.0,3789.0,92.71000000000004,6.2,2219.0,7.240000000000002,0.0,27.093104102142725,0.0003243989999646,2.4581653560001087,2.4584897550000733,2.415172554999572,1,0
C_MARL|serial|trend+seasonal|GW:False|BL:True|MARL:True,C_MARL,serial,trend+seasonal,False,True,True,2022,1508.86,1.0,0.6666666666666666,23.9,308.0,3963.5,89.25000000000006,30.8,2327.0,7.589999999999999,0.0,26.322180569273595,0.0002512850001039,2.662962654000012,2.663213939000116,2.6195734099997026,1,0
C_MARL|serial|trend+seasonal|GW:False|BL:True|MARL:True,C_MARL,serial,trend+seasonal,False,True,True,3033,1453.65,1.0,0.8333333333333334,25.933333333333334,211.0,3887.5,94.71000000000002,21.1,2310.5,7.539999999999999,0.0,36.04718808385184,0.0003557879999789,2.7759778839999854,2.7763336719999643,2.731163628000786,1,0
C_MARL|serial|trend+seasonal|GW:False|BL:True|MARL:True,C_MARL,serial,trend+seasonal,False,True,True,4044,1570.5300000000002,0.9891944990176816,0.4333333333333333,21.83333333333333,389.0,4202.0,86.36999999999998,38.9,2498.0,8.2,0.0,21.93047991831178,0.0002747329999692,2.9585563179998644,2.9588310509998337,2.9099979789993995,1,0
C_MARL|serial|trend+seasonal|GW:False|BL:True|MARL:True,C_MARL,serial,trend+seasonal,False,True,True,5055,1533.89,0.983789260385005,0.5333333333333333,21.855555555555554,285.0,4024.5,85.37999999999995,28.500000000000007,2369.0,7.729999999999999,0.0,20.47378001820346,0.0002886709999074,3.1547601989998384,3.155048869999746,3.1042927009998493,1,0
C_MARL|serial|trend+seasonal|GW:False|BL:True|MARL:True,C_MARL,serial,trend+seasonal,False,True,True,6066,1511.29,0.9948400412796696,0.6666666666666666,25.0,295.0,4000.0,91.45,29.500000000000004,2360.0,7.76,0.0,17.71837668532449,0.0003017939998244,4.100019982000049,4.100321775999873,4.03862823400118,1,0
C_MARL|serial|trend+seasonal+shock|GW:False|BL:True|MARL:True,C_MARL,serial,trend+seasonal+shock,False,True,True,42,2114.32,1.0,0.6666666666666666,32.87777777777778,241.0,5885.0,126.71999999999996,24.100000000000005,3608.0,11.86,0.0,18.33285496412231,0.0003934039998512,3.6770666360000632,3.6774600399999136,3.619195226999864,1,0
C_MARL|serial|trend+seasonal+shock|GW:False|BL:True|MARL:True,C_MARL,serial,trend+seasonal+shock,False,True,True,123,2111.63,0.9942897930049964,0.6,35.0,335.0,5918.5,132.44,33.49999999999999,3629.0,11.93,0.0,13.58802542976962,0.0003254250000281,3.215257312999938,3.2155827379999664,3.163255162999804,1,0
C_MARL|serial|trend+seasonal+shock|GW:False|BL:True|MARL:True,C_MARL,serial,trend+seasonal+shock,False,True,True,456,2086.78,1.0,0.6333333333333333,33.01111111111111,182.0,5923.0,127.40999999999998,18.200000000000003,3678.5,12.11,0.0,15.319372915579557,0.0003001869999934,3.0414880280000034,3.041788214999997,2.9912214609992134,1,0
C_MARL|serial|trend+seasonal+shock|GW:False|BL:True|MARL:True,C_MARL,serial,trend+seasonal+shock,False,True,True,789,2072.87,1.0,0.7333333333333333,34.93333333333333,174.0,5812.0,131.97000000000003,17.400000000000002,3578.0,11.760000000000002,0.0,13.601453553702637,0.0002704169999105,2.834995817999925,2.8352662349998354,2.7879401929999403,1,0
C_MARL|serial|trend+seasonal+shock|GW:False|BL:True|MARL:True,C_MARL,serial,trend+seasonal+shock,False,True,True,1011,2068.78,1.0,0.8666666666666667,35.644444444444446,65.0,5709.5,131.75000000000003,6.5,3491.0,11.470000000000002,0.0,13.335174242665566,0.0002647590001743,2.613888375999977,2.6141531350001515,2.570617317000597,1,0
C_MARL|serial|trend+seasonal+shock|GW:False|BL:True|MARL:True,C_MARL,serial,trend+seasonal+shock,False,True,True,2022,2105.21,0.9963976945244956,0.7333333333333333,33.977777777777774,289.0,5873.5,128.56,28.9,3599.0,11.830000000000002,0.0,13.596441807232209,0.000241065000182,2.507056383999952,2.5072974490001343,2.4650086059996283,1,0
C_MARL|serial|trend+seasonal+shock|GW:False|BL:True|MARL:True,C_MARL,serial,trend+seasonal+shock,False,True,True,3033,2084.99,1.0,0.7666666666666667,35.01111111111111,216.0,5816.0,131.68999999999994,21.6,3566.0,11.72,0.0,15.214367257918862,0.0002484620001723,2.549012711999921,2.549261174000094,2.5067359760000727,1,0
C_MARL|serial|trend+seasonal+shock|GW:False|BL:True|MARL:True,C_MARL,serial,trend+seasonal+shock,False,True,True,4044,2165.42,0.9815825375170532,0.4,32.4,447.0,6146.0,126.30000000000004,44.7,3797.0,12.579999999999997,0.0,12.35305829983133,0.0002388089999385,2.5290383070000644,2.529277116000003,2.485056338000504,1,0
C_MARL|serial|trend+seasonal+shock|GW:False|BL:True|MARL:True,C_MARL,serial,trend+seasonal+shock,False,True,True,5055,2131.61,0.9845288326300984,0.5333333333333333,31.6,319.0,5950.0,124.49,31.90000000000001,3650.0,12.0,0.0,13.673387154801476,0.0002556029999141,2.782542749999948,2.782798352999862,2.736798324000347,1,0
C_MARL|serial|trend+seasonal+shock|GW:False|BL:True|MARL:True,C_MARL,serial,trend+seasonal+shock,False,True,True,6066,2103.57,0.9949856733524356,0.6666666666666666,35.74444444444445,297.0,5911.5,132.73000000000002,29.700000000000003,3633.5,12.0,0.0,12.1069392003724,0.00056184999994,2.917745381000032,2.918307230999972,2.8699848330004443,1,0
D_WalmartM5|base|M5_volatile|GW:False|BL:True|MARL:False,D_WalmartM5,base,M5_volatile,False,True,False,42,751.1507650768286,1.0,1.0,138.13259413367985,0.0,2900.9708936,435.0392349231708,0.0,1700.9708935999995,13.81,0.0,6.089608983596785,0.0003718589998698,9.109103104999804,9.109474963999672,9.022264404000907,1,0
D_WalmartM5|base|M5_volatile|GW:False|BL:True|MARL:False,D_WalmartM5,base,M5_volatile,False,True,False,123,751.1940207877287,1.0,1.0,138.13671748367986,0.0,2900.575051999999,434.9959792122708,0.0,1700.5750519999997,13.81,0.0,6.061499448172619,0.0003866680001465,8.832010190999881,8.832396859000028,8.74683959199956,1,0
D_WalmartM5|base|M5_volatile|GW:False|BL:True|MARL:False,D_WalmartM5,base,M5_volatile,False,True,False,456,751.3078981340889,1.0,1.0,138.0992608003465,0.0,2904.1708935999995,434.8821018659109,0.0,1704.1708936,13.81,0.0,6.061287897586271,0.0003595220000534,8.666832840000097,8.66719236200015,8.584540422000146,1,0
D_WalmartM5|base|M5_volatile|GW:False|BL:True|MARL:False,D_WalmartM5,base,M5_volatile,False,True,False,789,751.2213118804747,1.0,0.9,138.08294063222914,2.3513511388772272,2906.99168368,434.7335530056369,0.2351351138877227,1706.9916836799994,13.81,0.0,5.951579423660717,0.0003827169998658,8.80852768800014,8.808910405000006,8.726036552999858,1,0
D_WalmartM5|base|M5_volatile|GW:False|BL:True|MARL:False,D_WalmartM5,base,M5_volatile,False,True,False,1011,750.8916673674511,0.9999999999999998,0.9333333333333332,138.16163085957035,4.515592500290971,2900.591683936,434.8467733825196,0.4515592500290971,1700.5916839359995,13.81,0.0,5.982754367657639,0.0003746449999653,7.89359656900001,7.893971213999976,7.816525518000162,1,0
D_WalmartM5|base|M5_volatile|GW:False|BL:True|MARL:False,D_WalmartM5,base,M5_volatile,False,True,False,2022,751.3387401351285,1.0,1.0,138.1449642003465,0.0,2899.7833672,434.8512598648707,0.0,1699.7833672,13.81,0.0,6.063802003660106,0.0003586969999105,9.186056774999996,9.186415471999908,9.099002282999209,1,0
D_WalmartM5|base|M5_volatile|GW:False|BL:True|MARL:False,D_WalmartM5,base,M5_volatile,False,True,False,3033,751.3611122772888,1.0,1.0,138.12022406790206,0.0,2902.1584199359995,434.828887722711,0.0,1702.1584199359995,13.81,0.0,6.073740637914654,0.000494615999969,9.494675461999805,9.495170077999774,9.404886842999533,1,0
D_WalmartM5|base|M5_volatile|GW:False|BL:True|MARL:False,D_WalmartM5,base,M5_volatile,False,True,False,4044,751.2033846166087,1.0,1.0,138.04101408390204,0.0,2909.762578384,434.9866153833908,0.0,1709.762578384,13.809999999999995,0.0,5.9990916445254,0.0003949590000047,8.773549432999971,8.773944391999976,8.689575720000676,1,0
D_WalmartM5|base|M5_volatile|GW:False|BL:True|MARL:False,D_WalmartM5,base,M5_volatile,False,True,False,5055,751.207191266829,1.0,1.0,138.08259413367986,0.0,2905.7708936,434.9828087331705,0.0,1705.7708935999997,13.81,0.0,6.04731902898136,0.0003627619998951,9.662611264000134,9.662974026000027,9.57082793900031,1,0
D_WalmartM5|base|M5_volatile|GW:False|BL:True|MARL:False,D_WalmartM5,base,M5_volatile,False,True,False,6066,751.1559521878487,1.0,1.0,138.03689074090204,0.0,2910.158420064,435.0340478121506,0.0,1710.158420064,13.81,0.0,6.064058974411331,0.0004111579999062,12.950430423999933,12.95084158199984,12.83499187700022,1,0
D_WalmartM5|serial|M5_volatile|GW:False|BL:True|MARL:False,D_WalmartM5,serial,M5_volatile,False,True,False,42,937.1062368321286,1.0,1.0,79.99216911180413,0.0,2367.2661127,155.3714761158711,0.0,1270.7193353000002,4.069064452000001,0.0,4.30073540706881,0.0005511870001555,3.7225023480000345,3.72305353500019,3.666932357999485,1,0
D_WalmartM5|serial|M5_volatile|GW:False|BL:True|MARL:False,D_WalmartM5,serial,M5_volatile,False,True,False,123,940.1062368321288,1.0,1.0,79.70328022291524,0.0,2357.2661127,154.41147611587115,0.0,1258.7193353000002,4.029064452,0.0,4.251662989002954,0.0003166009998949,3.4317915359999915,3.4321081369998865,3.376176716000373,1,0
D_WalmartM5|serial|M5_volatile|GW:False|BL:True|MARL:False,D_WalmartM5,serial,M5_volatile,False,True,False,456,939.5463407921288,1.0,1.0,79.88105800069302,0.0,2357.2661127,154.97137215587105,0.0,1258.7193353000002,4.029064452,0.0,4.199256812067601,0.0002958150000722,3.694640534999962,3.6949363500000345,3.637586585000463,1,0
D_WalmartM5|serial|M5_volatile|GW:False|BL:True|MARL:False,D_WalmartM5,serial,M5_volatile,False,True,False,789,940.2563407721286,1.0,1.0,79.82550244513746,0.0,2354.7661127,154.7713721758712,0.0,1255.7193353,4.019064452,0.0,4.243484409914274,0.0004785319999882,3.364604302999851,3.365082834999839,3.312259620999612,1,0
D_WalmartM5|serial|M5_volatile|GW:False|BL:True|MARL:False,D_WalmartM5,serial,M5_volatile,False,True,False,1011,939.0662576102368,1.0,0.9666666666666668,79.85786557863248,1.9126820145529635,2359.7661127,154.75018713630772,0.1912682014552963,1261.7193353000002,4.039064452000001,0.0,4.23220801062199,0.0002738779999162,3.7221849170000496,3.722458794999966,3.664498087999391,1,0
D_WalmartM5|serial|M5_volatile|GW:False|BL:True|MARL:False,D_WalmartM5,serial,M5_volatile,False,True,False,2022,938.9863407921288,1.0,1.0,79.94772466735968,0.0,2359.7661127,155.02137215587112,0.0,1261.7193353000002,4.039064452000001,0.0,4.19751819640937,0.0002979650000725,8.920345648999955,8.920643614000028,8.804854090999697,1,0
D_WalmartM5|serial|M5_volatile|GW:False|BL:True|MARL:False,D_WalmartM5,serial,M5_volatile,False,True,False,3033,937.9763407921288,1.0,1.0,79.94772466735968,0.0,2364.7661127,155.0113721558711,0.0,1267.7193353000002,4.059064452,0.0,4.259668933970136,0.0007392939999135,5.917057281000098,5.917796575000011,5.827138990000094,1,0
D_WalmartM5|serial|M5_volatile|GW:False|BL:True|MARL:False,D_WalmartM5,serial,M5_volatile,False,True,False,4044,939.7862368321288,1.0,1.0,79.81439133402635,0.0,2357.2661127,154.73147611587115,0.0,1258.7193353000002,4.029064452,0.0,4.231164181949869,0.0004275250000773,4.585534238000037,4.585961763000114,4.512972011998954,1,0
D_WalmartM5|serial|M5_volatile|GW:False|BL:True|MARL:False,D_WalmartM5,serial,M5_volatile,False,True,False,5055,937.8616006521288,1.0,1.0,79.93661355624857,0.0,2364.7661127,155.12611229587117,0.0,1267.7193353000002,4.059064452,0.0,4.300133007687315,0.0003889609999987,4.490809145000185,4.491198106000184,4.419553708999274,1,0
D_WalmartM5|serial|M5_volatile|GW:False|BL:True|MARL:False,D_WalmartM5,serial,M5_volatile,False,True,False,6066,938.4016006521286,1.0,1.0,79.90328022291524,0.0,2362.2661127,155.09611229587117,0.0,1264.7193353000002,4.049064452,0.0,4.262290842271244,0.0003593260000798182,3.928353763999894,3.928713089999974,3.8694794309994904,1,0
