ScenarioKey,Block,Network,Demand,Goodwill,Backlog,MARL,Seed,Profit,FillRate,ServiceLevel,AvgInv,Unfulfilled,Revenue,HoldingCost,BacklogPenalty,ProcurementCost,OperatingCost,BullwhipRatio,PlanTime,ReplayTime,Latency,ParseFailureRate,TotalQueries,ParseFailures
A_Core|base|trend+seasonal|GW:False|BL:True|MARL:False,A_Core,base,trend+seasonal,False,True,False,42,941.76373644025,1.0,0.7,161.30265148653092,968.4307682600628,5331.071153758334,657.1393943621317,96.84307682600628,3610.352209036405,24.972737093540324,2260.03497035943,22.64365413,0.0972221559999972,22.740876286,0.0,1,0
A_Core|base|trend+seasonal|GW:False|BL:True|MARL:False,A_Core,base,trend+seasonal,False,True,False,123,884.1674793507406,1.0,0.7,168.57853364690646,1069.244289611597,5526.5959641841,697.8656033010354,106.9244289611597,3810.5426211617046,27.09583140945847,1634.4658098063005,22.817769806,0.1354974720000044,22.95326727800001,0.0,1,0
A_Core|base|trend+seasonal|GW:False|BL:True|MARL:False,A_Core,base,trend+seasonal,False,True,False,456,833.1443833906847,1.0,0.7333333333333333,168.14512587942073,873.4250595331769,5432.536059353665,703.549457562856,87.3425059533177,3780.609697829329,27.89001461747748,1621.1081225843195,13.703362226000005,0.0931231769999954,13.796485402999998,0.0,1,0
A_Core|base|trend+seasonal|GW:False|BL:True|MARL:False,A_Core,base,trend+seasonal,False,True,False,789,791.0951642022404,1.0,0.7333333333333333,169.91169308584628,908.1955144877344,5498.143841675758,699.2845615146701,90.81955144877344,3889.682403708145,27.262160801930325,1168.3777219095766,8.015485305000013,0.0640053559999955,8.079490661000008,0.0,1,0
A_Core|base|trend+seasonal|GW:False|BL:True|MARL:False,A_Core,base,trend+seasonal,False,True,False,1011,935.8898602824024,1.0,0.7333333333333333,149.75631151459595,552.6455222920222,5231.055883207818,627.9478955580341,55.26455222920221,3586.996569985361,24.957005152818088,1298.199253455775,6.795668661000008,0.0855482410000121,6.88121690200002,0.0,1,0
A_Core|base|trend+seasonal|GW:False|BL:True|MARL:False,A_Core,base,trend+seasonal,False,True,False,2022,899.9323585402826,1.0,0.7,167.97591128108692,946.1666002855496,5513.887008780071,685.1743619275488,94.61666002855496,3807.483389687718,26.68023859596832,1926.1670661968192,29.07099322900001,0.1004179929999935,29.171411222000003,0.0,1,0
A_Core|base|trend+seasonal|GW:False|BL:True|MARL:False,A_Core,base,trend+seasonal,False,True,False,3033,904.972221891074,1.0,0.7,159.80486919502354,811.0502041309837,5222.771441361101,649.9932742025945,81.10502041309837,3562.2106693295887,24.49025552474536,2155.641560021522,8.194117935999998,0.0778535519999934,8.271971487999991,0.0,1,0
A_Core|base|trend+seasonal|GW:False|BL:True|MARL:False,A_Core,base,trend+seasonal,False,True,False,4044,969.2291822137788,1.0,0.7,163.468941541719,1048.4250595331769,5819.848952468525,691.3629363543847,104.84250595331768,4026.128230170711,28.286097776336085,1430.4173293179233,8.634379633999998,0.0775190239999972,8.711898657999996,0.0,1,0
A_Core|base|trend+seasonal|GW:False|BL:True|MARL:False,A_Core,base,trend+seasonal,False,True,False,5055,953.5241253340936,1.0,0.7333333333333333,161.50958140342456,973.1666002855496,5649.08226350845,672.3531703832454,97.31666002855496,3899.19229354938,26.69601421317977,1696.2756664971776,6.953072243999998,0.077554082000006,7.030626326000004,0.0,1,0
A_Core|base|trend+seasonal|GW:False|BL:True|MARL:False,A_Core,base,trend+seasonal,False,True,False,6066,932.1945965859562,1.0,0.6333333333333333,162.49730258260473,1076.8024889357769,5338.170063987863,665.948411758926,107.6802488935777,3607.050575078214,25.2962316711901,1653.4479446275236,5.013783363000016,0.0590941909999855,5.0728775540000015,0.0,1,0
A_Core|base|trend+seasonal|GW:True|BL:True|MARL:False,A_Core,base,trend+seasonal,True,True,False,42,377.5349578463898,1.0,0.7333333333333333,180.6389857234008,623.0312477965583,3918.1492752048425,696.6890412068037,62.30312477965583,2759.321671813097,22.300479558895823,1299.2283626529215,6.678690592999999,0.0860138239999912,6.76470441699999,0.0,1,0
A_Core|base|trend+seasonal|GW:True|BL:True|MARL:False,A_Core,base,trend+seasonal,True,True,False,123,439.4567783471013,1.0,0.7,159.8848927481635,535.0312477965583,3630.323102151389,613.5945344593565,53.50312477965584,2504.437812585053,19.33085198022265,1043.12732112858,5.246494546000008,0.067964288000013,5.314458834000021,0.0,1,0
A_Core|base|trend+seasonal|GW:True|BL:True|MARL:False,A_Core,base,trend+seasonal,True,True,False,456,409.97892455166107,1.0,0.7333333333333333,175.91612360825027,599.4250595331769,4142.272690658827,699.6541568766878,59.94250595331769,2949.0975373692613,23.5995659079002,922.7371792358316,4.980215368000017,0.0466379410000001,5.026853309000018,0.0,1,0
A_Core|base|trend+seasonal|GW:True|BL:True|MARL:False,A_Core,base,trend+seasonal,True,True,False,789,393.6054794342695,1.0,0.7333333333333333,179.29162693211904,788.1955144877345,4040.430684066417,699.5449296558337,78.81955144877345,2845.880253771008,22.580469756533045,916.554279197381,4.961400636000008,0.0493512409999823,5.01075187699999,0.0,1,0
A_Core|base|trend+seasonal|GW:True|BL:True|MARL:False,A_Core,base,trend+seasonal,True,True,False,1011,523.6352241449692,1.0,0.7666666666666667,159.28388139656903,466.2517105554036,4008.912274363441,633.9962860760947,46.62517105554037,2783.280365834612,21.375227252225308,1025.4879390740823,5.397849710000003,0.0575652270000262,5.455414937000029,0.0,1,0
A_Core|base|trend+seasonal|GW:True|BL:True|MARL:False,A_Core,base,trend+seasonal,True,True,False,2022,358.94196634217985,1.0,0.7,177.15735862854083,566.8502444996614,3741.6114485288585,672.2656990706912,56.68502444996614,2632.488032448241,21.23072621778067,1020.7707943169391,4.097585831999993,0.0348281689999794,4.132414000999972,0.0,1,0
A_Core|base|trend+seasonal|GW:True|BL:True|MARL:False,A_Core,base,trend+seasonal,True,True,False,3033,491.0174883309651,1.0,0.7666666666666667,168.6320966316807,544.0312477965583,3876.7767675808464,648.4079703205387,54.40312477965583,2661.9862186538467,20.96196549583977,1184.852776018742,4.19124018399998,0.034117067000011,4.225357250999991,0.0,1,0
A_Core|base|trend+seasonal|GW:True|BL:True|MARL:False,A_Core,base,trend+seasonal,True,True,False,4044,389.82956383646126,1.0,0.7333333333333333,174.5960413629183,734.4250595331769,4193.557590152895,697.5227790424559,73.44250595331768,3008.702594110702,24.0601472099579,870.9256380382959,3.8571125619999975,0.0373498829999903,3.894462444999988,0.0,1,0
A_Core|base|trend+seasonal|GW:True|BL:True|MARL:False,A_Core,base,trend+seasonal,True,True,False,5055,451.18793869630287,1.0,0.7333333333333333,177.62872175504006,865.1666002855495,4355.876180882739,707.1592920474139,86.51666002855497,3086.748059067449,24.264231043017784,1359.4354465515414,3.407452761000002,0.0335009170000262,3.440953678000028,0.0,1,0
A_Core|base|trend+seasonal|GW:True|BL:True|MARL:False,A_Core,base,trend+seasonal,True,True,False,6066,362.49836649516993,1.0,0.6666666666666666,161.16041258703976,419.28127058167047,3293.2261743967247,615.178090032239,41.92812705816704,2255.488457688098,18.133133123050207,949.0643930407437,3.4261641649999888,0.0351091959999791,3.461273360999968,0.0,1,0
A_Core|base|trend+seasonal+shock|GW:False|BL:True|MARL:False,A_Core,base,trend+seasonal+shock,False,True,False,42,1499.565489504737,1.0,0.7,141.07555503726925,986.4250595331767,8565.166052312725,702.3156982499263,98.64250595331768,6221.095496238427,43.54686236631874,688.3831918774947,3.1427608640000244,0.0300797200000033,3.172840584000028,0.0,1,0
A_Core|base|trend+seasonal+shock|GW:False|BL:True|MARL:False,A_Core,base,trend+seasonal+shock,False,True,False,123,1539.4873278305286,1.0,0.7,144.8808667075655,1106.244289611597,8480.892524450617,712.2758143566451,110.62442896115972,6075.977556536178,42.52739676610111,583.8891187102255,3.288830501999996,0.0302404419999788,3.319070943999975,0.0,1,0
A_Core|base|trend+seasonal+shock|GW:False|BL:True|MARL:False,A_Core,base,trend+seasonal+shock,False,True,False,456,1468.9154925116038,1.0,0.7333333333333333,144.1081219917875,910.4250595331767,8438.814350843759,722.8252984384264,91.0425059533177,6113.125593399942,42.90546054046937,575.1428022946643,3.479096906000052,0.0315404399999579,3.51063734600001,0.0,1,0
A_Core|base|trend+seasonal+shock|GW:False|BL:True|MARL:False,A_Core,base,trend+seasonal+shock,False,True,False,789,1452.2091500141505,1.0,0.7333333333333333,147.9637222179514,944.1955144877344,8190.050802244723,718.1212553958096,94.41955144877345,5883.996766439142,41.30407894684559,415.4837581297911,4.420993587999988,0.0488814170000182,4.469875005000006,0.0,1,0
A_Core|base|trend+seasonal+shock|GW:False|BL:True|MARL:False,A_Core,base,trend+seasonal+shock,False,True,False,1011,1486.4375905885158,1.0,0.7333333333333333,134.53332300439013,588.6455222920222,8441.736205927617,681.0002871281146,58.86455222920221,6171.751902553315,43.681873428469984,633.5902247588798,3.5111030449999703,0.0337075979999781,3.5448106429999484,0.0,1,0
A_Core|base|trend+seasonal+shock|GW:False|BL:True|MARL:False,A_Core,base,trend+seasonal+shock,False,True,False,2022,1464.0233215912644,1.0,0.7,149.1493172814855,978.1666002855496,8555.868756023638,726.2008060604127,97.81666002855496,6225.295567070501,42.53240127290265,683.0896660635581,3.390459580999959,0.0324106119999783,3.422870192999937,0.0,1,0
A_Core|base|trend+seasonal+shock|GW:False|BL:True|MARL:False,A_Core,base,trend+seasonal+shock,False,True,False,3033,1496.9276794769708,1.0,0.7,141.9750648857006,847.0502041309837,8487.554358667096,700.6588913135251,84.70502041309837,6162.34434824615,42.91841921735197,525.3287011899912,3.642989562000025,0.0329513340000175,3.675940896000043,0.0,1,0
A_Core|base|trend+seasonal+shock|GW:False|BL:True|MARL:False,A_Core,base,trend+seasonal+shock,False,True,False,4044,1597.4342140318809,1.0,0.7,143.83000583645708,1087.4250595331769,9112.867777628004,732.5502823983674,108.74250595331767,6628.9253195031815,45.21545574125648,646.0932217384743,3.300901603,0.0328814629999669,3.3337830659999668,0.0,1,0
A_Core|base|trend+seasonal+shock|GW:False|BL:True|MARL:False,A_Core,base,trend+seasonal+shock,False,True,False,5055,1541.2840948903056,1.0,0.7333333333333333,137.5182251206525,1009.1666002855496,8754.14164748776,700.5440390269091,100.91666002855496,6368.075063519224,43.321790022767104,599.4997792670671,3.375554790000024,0.0326440000000047,3.408198790000029,0.0,1,0
A_Core|base|trend+seasonal+shock|GW:False|BL:True|MARL:False,A_Core,base,trend+seasonal+shock,False,True,False,6066,1526.9901342226044,1.0,0.6333333333333333,142.67892616941668,1111.8024889357769,8410.929174718603,703.9278155936621,111.1802488935777,6026.242115350588,42.58886065817021,501.745567167311,3.4564520839999773,0.0327341560000036,3.489186239999981,0.0,1,0
A_Core|base|trend+seasonal+shock|GW:True|BL:True|MARL:False,A_Core,base,trend+seasonal+shock,True,True,False,42,856.2034273607396,1.0,0.7333333333333333,164.98965020485952,623.0312477965583,5096.944280855371,649.6228349865011,62.30312477965583,3504.1166774636267,24.69821626484846,1987.409180577189,3.662303652999981,0.0365384730000073,3.698842125999988,0.0,1,0
A_Core|base|trend+seasonal+shock|GW:True|BL:True|MARL:False,A_Core,base,trend+seasonal+shock,True,True,False,123,839.705969420791,1.0,0.7,146.43709560174617,535.0312477965583,4700.8761330441785,575.4555661664713,53.50312477965584,3210.2296002247804,21.98187245248092,1598.9480426240357,4.623685647000002,0.033670222000012,4.657355869000014,0.0,1,0
A_Core|base|trend+seasonal+shock|GW:True|BL:True|MARL:False,A_Core,base,trend+seasonal+shock,True,True,False,456,854.9806131374429,1.0,0.7333333333333333,162.9979339073068,619.4250595331769,5003.757495748961,654.6524682909055,61.94250595331769,3408.582342459396,23.5995659079002,1273.0226471754177,4.017099723000001,0.037979612000015,4.055079335000016,0.0,1,0
A_Core|base|trend+seasonal+shock|GW:True|BL:True|MARL:False,A_Core,base,trend+seasonal+shock,True,True,False,789,824.351728680062,1.0,0.7333333333333333,165.03843958112796,807.1955144877345,5178.177451132091,654.9800787819855,80.71955144877344,3593.627020836682,24.499071384588923,1410.41609133481,3.920120932999964,0.0329898200000116,3.953110752999976,0.0,1,0
A_Core|base|trend+seasonal+shock|GW:True|BL:True|MARL:False,A_Core,base,trend+seasonal+shock,True,True,False,1011,984.8852439869524,1.0,0.7666666666666667,142.3684395568104,466.2517105554036,5328.621396365932,593.6816246095266,46.62517105554037,3678.668262680312,24.761094033603857,1357.5126527260263,3.933186882999962,0.0339196880000258,3.967106570999988,0.0,1,0
A_Core|base|trend+seasonal+shock|GW:True|BL:True|MARL:False,A_Core,base,trend+seasonal+shock,True,True,False,2022,771.4849048142994,1.0,0.7,162.1654524531962,566.8502444996614,4752.689834756895,633.3850690950595,56.68502444996614,3267.566418676278,23.568417721292665,1361.8975011956895,3.8880535740000255,0.049798973999998,3.937852548000024,0.0,1,0
A_Core|base|trend+seasonal+shock|GW:True|BL:True|MARL:False,A_Core,base,trend+seasonal+shock,True,True,False,3033,979.1309371334586,1.0,0.7666666666666667,146.8095617639976,544.0312477965583,5281.540688132161,602.0857439500645,54.40312477965583,3620.9903490240345,24.930533244948105,1759.6083207005076,3.874112835999995,0.0336537570000246,3.9077665930000194,0.0,1,0
A_Core|base|trend+seasonal+shock|GW:True|BL:True|MARL:False,A_Core,base,trend+seasonal+shock,True,True,False,4044,923.93998104071,1.0,0.7333333333333333,156.955459001709,755.4250595331769,5539.438592628479,647.9349069070342,75.54250595331769,3865.170495082709,26.8507036447078,1379.0672129451395,4.002324070000043,0.0328299269999661,4.035153997000009,0.0,1,0
A_Core|base|trend+seasonal+shock|GW:True|BL:True|MARL:False,A_Core,base,trend+seasonal+shock,True,True,False,5055,928.5352763135218,1.0,0.7333333333333333,161.62009369360382,882.1666002855495,5531.208724924611,661.6806572697997,88.21666002855497,3826.080603109322,26.69552820341317,1802.49444400814,3.534494260000031,0.0337239699999827,3.5682182300000136,0.0,1,0
A_Core|base|trend+seasonal+shock|GW:True|BL:True|MARL:False,A_Core,base,trend+seasonal+shock,True,True,False,6066,741.9316928335238,1.0,0.6666666666666666,149.44270419149564,419.28127058167047,4331.562275087424,579.5158250627968,41.92812705816704,2948.242177226431,19.944452906504395,1024.334089494508,3.336959701000012,0.0345204870000088,3.371480188000021,0.0,1,0
A_Core|serial|trend+seasonal|GW:False|BL:True|MARL:False,A_Core,serial,trend+seasonal,False,True,False,42,1236.9113772517362,0.9976917527251148,0.3666666666666666,33.190721045269306,1187.093922493318,4539.8170130016815,111.38459266496864,118.7093922493318,3062.1337677757365,10.677883059907517,600.0436175286601,5.742236341000023,0.0200880919999804,5.762324433000003,0.0,1,0
A_Core|serial|trend+seasonal|GW:False|BL:True|MARL:False,A_Core,serial,trend+seasonal,False,True,False,123,1249.017430184269,0.9892256184320984,0.4333333333333333,42.83413962645224,1142.3461002906372,4450.0297236477445,128.34297401573778,114.2346100290637,2948.227115898376,10.207593520298104,377.9999331241431,3.91131331400004,0.0205853950000118,3.931898709000052,0.0,1,0
A_Core|serial|trend+seasonal|GW:False|BL:True|MARL:False,A_Core,serial,trend+seasonal,False,True,False,456,1229.759851049143,1.0,0.4,38.65021342893754,1098.536981896946,4452.784200261604,120.47519024348146,109.8536981896946,2982.3834752789376,10.311985500346683,465.94165645722927,4.044463149000023,0.0254954370000177,4.069958586000041,0.0,1,0
A_Core|serial|trend+seasonal|GW:False|BL:True|MARL:False,A_Core,serial,trend+seasonal,False,True,False,789,1179.044403901599,1.0,0.5,45.42990411838657,1121.2506645401454,4337.074433149888,130.79019081805998,112.12506645401452,2905.298259559893,9.81651241632183,390.0341163064091,4.107426502999999,0.021355251999978,4.128781754999977,0.0,1,0
A_Core|serial|trend+seasonal|GW:False|BL:True|MARL:False,A_Core,serial,trend+seasonal,False,True,False,1011,1205.9903547711192,1.0,0.5,40.066920208694064,816.5821753793567,4363.658691596977,121.77985051794715,81.65821753793566,2944.107376925508,10.122891844467183,415.7352295131737,5.100980511999978,0.0203582689999848,5.121338780999963,0.0,1,0
A_Core|serial|trend+seasonal|GW:False|BL:True|MARL:False,A_Core,serial,trend+seasonal,False,True,False,2022,1231.0451617223257,1.0,0.5,45.14224496334088,898.0871264166581,4583.508067765987,135.27352154167258,89.8087126416658,3116.402777662395,10.977894197928157,382.6664380070823,4.427140426999984,0.0304016530000126,4.457542079999996,0.0,1,0
A_Core|serial|trend+seasonal|GW:False|BL:True|MARL:False,A_Core,serial,trend+seasonal,False,True,False,3033,1191.338323160449,1.0,0.4666666666666667,40.06361209697033,854.6825741585651,4356.278686714511,123.22310807704342,85.46825741585651,2946.16696302482,10.082035036343516,497.52279562253807,7.677662815000019,0.0520908590000317,7.729753674000051,0.0,1,0
A_Core|serial|trend+seasonal|GW:False|BL:True|MARL:False,A_Core,serial,trend+seasonal,False,True,False,4044,1271.9185602268951,0.981818170009222,0.3333333333333333,33.94026674445321,1569.7206688529425,4688.620909522703,113.51706127142296,156.9720668852942,3135.300003379189,10.913217759905162,454.1137916752682,4.804540993999979,0.0208638720000067,4.825404865999985,0.0,1,0
A_Core|serial|trend+seasonal|GW:False|BL:True|MARL:False,A_Core,serial,trend+seasonal,False,True,False,5055,1215.08540066536,0.9836051559682504,0.4333333333333333,38.89908257890947,1431.9789491165964,4635.364861104133,123.0646688755016,143.19789491165963,3143.0308454079086,10.986051243702065,437.8812366808048,3.677368876999992,0.019419355000025,3.696788232000017,0.0,1,0
A_Core|serial|trend+seasonal|GW:False|BL:True|MARL:False,A_Core,serial,trend+seasonal,False,True,False,6066,1227.4765083937514,0.9941020107603432,0.4,45.34963986718838,1279.6856632437102,4524.725071366888,132.5643889631426,127.96856632437104,3026.155603113618,10.560004572005496,326.9842952271217,3.839440314000001,0.0218350850000206,3.8612753990000215,0.0,1,0
A_Core|serial|trend+seasonal|GW:True|BL:True|MARL:False,A_Core,serial,trend+seasonal,True,True,False,42,951.0285285167984,0.9922496789384172,0.7666666666666667,52.35261420855981,157.71539191988194,3165.385864917921,136.3767456061433,15.771539191988197,2055.308054808736,6.900996794255478,379.31914906061184,11.069301177,0.0497912399999904,11.11909241699999,0.0,1,0
A_Core|serial|trend+seasonal|GW:True|BL:True|MARL:False,A_Core,serial,trend+seasonal,True,True,False,123,936.1622312692218,0.9893671716809218,0.7666666666666667,63.56362668704527,247.0473624035064,3354.4855660410003,157.42788035517225,24.70473624035064,2228.571399151442,7.619319024814242,344.55469566310296,12.47981413599996,0.0480547010000123,12.527868836999971,0.0,1,0
A_Core|serial|trend+seasonal|GW:True|BL:True|MARL:False,A_Core,serial,trend+seasonal,True,True,False,456,1041.5815408487838,1.0,0.8666666666666667,61.22099574541621,99.5,3676.0005910344985,160.75764443650078,9.95,2455.128840754808,8.582564994406185,259.2036589423724,8.882463508,0.0543759500000078,8.936839458000009,0.0,1,0
A_Core|serial|trend+seasonal|GW:True|BL:True|MARL:False,A_Core,serial,trend+seasonal,True,True,False,789,801.1646751168565,1.0,0.7333333333333333,70.39283042782726,266.3585769194365,2904.521949138763,167.68484340486637,26.635857691943645,1902.2769545155304,6.759618409565644,285.45714774477744,17.267318208999995,0.04225289499999,17.309571103999986,0.0,1,0
A_Core|serial|trend+seasonal|GW:True|BL:True|MARL:False,A_Core,serial,trend+seasonal,True,True,False,1011,894.4814118373324,1.0,0.7333333333333333,56.38261347461033,276.3514567499095,3111.721525467881,143.52668987028585,27.635145674990955,2038.8451479172872,7.233130167984909,407.63804658298193,12.260447357999965,0.094763969999974,12.35521132799994,0.0,1,0
A_Core|serial|trend+seasonal|GW:True|BL:True|MARL:False,A_Core,serial,trend+seasonal,True,True,False,2022,871.5875007581685,1.0,0.7333333333333333,59.92793036869683,334.0331802785198,3010.8044341536984,143.85354356336052,33.40331802785198,1955.2814438501584,6.678627954158945,403.9346389855365,17.76859127499995,0.0534663189999946,17.822057593999943,0.0,1,0
A_Core|serial|trend+seasonal|GW:True|BL:True|MARL:False,A_Core,serial,trend+seasonal,True,True,False,3033,964.2762599635024,1.0,0.8333333333333334,49.23599437583121,142.5,3193.368794142814,132.7017837617527,14.25,2074.965856338096,7.174894079464792,426.5831432955892,13.699159756000029,0.0480670079999754,13.747226764000004,0.0,1,0
A_Core|serial|trend+seasonal|GW:True|BL:True|MARL:False,A_Core,serial,trend+seasonal,True,True,False,4044,943.3006116006236,0.9923136450524782,0.7333333333333333,51.63025823230593,176.48510233049413,3286.4811460343994,136.38740760359096,17.648510233049414,2181.748416633332,7.396199963802766,329.7058301412909,14.979795946999957,0.039800256000035,15.019596202999992,0.0,1,0
A_Core|serial|trend+seasonal|GW:True|BL:True|MARL:False,A_Core,serial,trend+seasonal,True,True,False,5055,770.726264044443,1.0,0.6333333333333333,62.85308888389091,311.5625441831714,2673.1640443015003,152.15234940679736,31.156254418317136,1712.8778443727292,6.251332059214449,353.96855815163536,16.532936876000008,0.047247451999965,16.580184327999973,0.0,1,0
A_Core|serial|trend+seasonal|GW:True|BL:True|MARL:False,A_Core,serial,trend+seasonal,True,True,False,6066,829.0892804810994,0.9940365756140171,0.6666666666666666,64.35784489193037,239.55366310248635,2895.2605094929568,151.1106987808535,23.955366310248635,1884.3920948962889,6.713069024466195,350.08179157700624,15.48682764900002,0.1130621930000188,15.59988984200004,0.0,1,0
A_Core|serial|trend+seasonal+shock|GW:False|BL:True|MARL:False,A_Core,serial,trend+seasonal+shock,False,True,False,42,1163.1557481974676,0.8374897729710425,0.2,34.844592623379526,3502.3982141511383,5585.868834332246,121.41663554764902,350.23982141511385,3937.324400332193,13.732228839821172,418.05249618259904,10.077334361999988,0.0616139329999896,10.138948294999976,0.0,1,0
A_Core|serial|trend+seasonal+shock|GW:False|BL:True|MARL:False,A_Core,serial,trend+seasonal+shock,False,True,False,123,1371.2732170064985,0.8862642818221259,0.1666666666666666,35.884691473750806,2617.798648195652,5974.420220793935,128.47595381289662,261.77986481956515,4198.199994330268,14.691190824708595,228.39272467221235,14.39936853200004,0.105660764999925,14.505029296999965,0.0,1,0
A_Core|serial|trend+seasonal+shock|GW:False|BL:True|MARL:False,A_Core,serial,trend+seasonal+shock,False,True,False,456,1417.5657039883013,0.9150118755305284,0.2,36.82932412454187,2372.063751861923,6091.56330484495,131.65325476388676,237.2063751861924,4290.096094994705,15.041875911866642,307.4208586073508,9.745334883000057,0.0442726420000099,9.789607525000063,0.0,1,0
A_Core|serial|trend+seasonal+shock|GW:False|BL:True|MARL:False,A_Core,serial,trend+seasonal+shock,False,True,False,789,1326.5984235635235,0.889706302975349,0.2,36.632140380098456,2667.858543221784,5850.978225512609,128.5740385531655,266.7858543221783,4114.7116149415415,14.308294132201004,247.24866215916475,9.93831726299993,0.0611750970000457,9.999492359999977,0.0,1,0
A_Core|serial|trend+seasonal+shock|GW:False|BL:True|MARL:False,A_Core,serial,trend+seasonal+shock,False,True,False,1011,1136.8432687554025,0.8402365332264493,0.3,36.27766812939234,3199.218224975677,5573.175962006773,125.6950576279423,319.9218224975677,3976.589186226712,14.126626899149336,423.79481394168863,9.003047486000014,0.0483784609999702,9.051425946999984,0.0,1,0
A_Core|serial|trend+seasonal+shock|GW:False|BL:True|MARL:False,A_Core,serial,trend+seasonal+shock,False,True,False,2022,1266.046567650995,0.8500912752761947,0.2,36.44128114348622,2784.783960782401,5848.075036708685,128.9989289277875,278.4783960782401,4159.37103389569,15.180110155973049,273.7060320622567,9.486397987000032,0.0443445500000052,9.530742537000036,0.0,1,0
A_Core|serial|trend+seasonal+shock|GW:False|BL:True|MARL:False,A_Core,serial,trend+seasonal+shock,False,True,False,3033,1247.835114694278,0.8618551799099046,0.2,35.83623225133134,2895.4518940887665,5750.023390230515,125.4195539191136,289.54518940887664,4072.842437451896,14.381094756350546,300.80942874478984,9.338631812000015,0.1220716479999737,9.46070345999999,0.0,1,0
A_Core|serial|trend+seasonal+shock|GW:False|BL:True|MARL:False,A_Core,serial,trend+seasonal+shock,False,True,False,4044,1181.9003228788984,0.8140138760180671,0.2,36.77442447398303,3839.74807717676,5849.67265123115,129.21433626520442,383.974807717676,4139.510779364553,15.07240500481592,389.9372638604686,9.79181203899998,0.054265354999984,9.846077393999964,0.0,1,0
A_Core|serial|trend+seasonal+shock|GW:False|BL:True|MARL:False,A_Core,serial,trend+seasonal+shock,False,True,False,5055,1149.109144221427,0.833534263796477,0.2333333333333333,36.54720714026045,3804.96160071766,5771.272672240309,126.79544128242728,380.4961600717661,4100.438580614977,14.433346049712174,365.403515610845,9.429347256000028,0.0411391499999354,9.470486405999964,0.0,1,0
A_Core|serial|trend+seasonal+shock|GW:False|BL:True|MARL:False,A_Core,serial,trend+seasonal+shock,False,True,False,6066,1321.7466191455158,0.8793348211830356,0.1666666666666666,36.90518495068751,2939.5065177089864,5968.089865164173,129.9284145408283,293.9506517708986,4207.623731464598,14.84044824233392,202.94749609392343,8.750620850000018,0.1670111700000234,8.917632020000042,0.0,1,0
A_Core|serial|trend+seasonal+shock|GW:True|BL:True|MARL:False,A_Core,serial,trend+seasonal+shock,True,True,False,42,1232.359277231987,1.0,0.7666666666666667,42.4408665113389,168.50111945043346,4347.783680129003,133.12733013641233,16.850111945043345,2955.112444366168,10.334516449393192,280.4017773238971,8.727783409999915,0.0480716029999257,8.775855012999841,0.0,1,0
A_Core|serial|trend+seasonal+shock|GW:True|BL:True|MARL:False,A_Core,serial,trend+seasonal+shock,True,True,False,123,1205.3181974449074,0.993844912034601,0.7333333333333333,45.77359777663816,259.51821418941216,4319.187790827579,138.244300382843,25.95182141894122,2939.618460549405,10.055011031482634,315.8204952029755,9.57329508099997,0.0559502390000261,9.629245319999995,0.0,1,0
A_Core|serial|trend+seasonal+shock|GW:True|BL:True|MARL:False,A_Core,serial,trend+seasonal+shock,True,True,False,456,1351.630011073907,0.9931631639843376,0.7666666666666667,43.71790904313633,144.55656380161577,4802.1397545286445,139.23658008952327,14.455656380161578,3285.406072425313,11.411434559740004,197.13708631131743,10.48173004299997,0.0556600099999968,10.537390052999967,0.0,1,0
A_Core|serial|trend+seasonal+shock|GW:True|BL:True|MARL:False,A_Core,serial,trend+seasonal+shock,True,True,False,789,1044.0973078384054,0.9975676632740536,0.6666666666666666,53.89740863343039,283.8132940023304,3711.882719915892,145.48975752562188,28.38132940023304,2485.6574279423585,8.256897209273056,390.3910284071823,10.084681416999956,0.1195815459999494,10.204262962999906,0.0,1,0
A_Core|serial|trend+seasonal+shock|GW:True|BL:True|MARL:False,A_Core,serial,trend+seasonal+shock,True,True,False,1011,1044.8303542565482,1.0,0.6333333333333333,51.27180536275991,432.8810388881623,3826.060263277661,140.49625856818977,43.28810388881624,2588.241913558491,9.203633005616584,470.2655732596458,11.057607369000038,0.0652040859999942,11.122811455000033,0.0,1,0
A_Core|serial|trend+seasonal+shock|GW:True|BL:True|MARL:False,A_Core,serial,trend+seasonal+shock,True,True,False,2022,1131.3529805101757,1.0,0.7333333333333333,44.13076325179977,334.0331802785198,4073.793751546594,130.55955431116232,33.40331802785198,2768.9565904999395,9.521308197464364,412.41461353287946,10.007538987000087,0.067265720000023,10.074804707000112,0.0,1,0
A_Core|serial|trend+seasonal+shock|GW:True|BL:True|MARL:False,A_Core,serial,trend+seasonal+shock,True,True,False,3033,1245.1941473984407,1.0,0.8,36.86161534654685,155.7024619912664,4513.176011467413,120.6806064446047,15.57024619912664,3120.895558619946,10.835452805296232,207.3155992472611,10.21758395200004,0.0449917229999528,10.262575674999994,0.0,1,0
A_Core|serial|trend+seasonal+shock|GW:True|BL:True|MARL:False,A_Core,serial,trend+seasonal+shock,True,True,False,4044,1069.209478143226,1.0,0.6333333333333333,49.17722505220845,258.58400840965646,3904.0292103723305,135.82769544100776,25.85840084096565,2664.111736628965,9.02189931816446,296.7599734244614,12.033402121999984,0.0519021220000013,12.085304243999984,0.0,1,0
A_Core|serial|trend+seasonal+shock|GW:True|BL:True|MARL:False,A_Core,serial,trend+seasonal+shock,True,True,False,5055,1019.4796476114292,0.9827928757016532,0.6,48.43149324549763,365.76040852000335,3534.2237847771366,131.58887666226852,36.57604085200033,2338.3447156082902,8.234504043149771,475.12369122388657,10.17251120100002,0.0575458260000232,10.230057027000043,0.0,1,0
A_Core|serial|trend+seasonal+shock|GW:True|BL:True|MARL:False,A_Core,serial,trend+seasonal+shock,True,True,False,6066,1053.7612223196834,0.996438693381794,0.6666666666666666,50.493196345844325,238.66364130703985,3680.972877690923,137.3666870617849,23.866364130703985,2457.525961611101,8.452642567649647,319.5595721391746,10.329544616999897,0.0504748050000216,10.380019421999918,0.0,1,0
B_PaperReplication|base|stationary|GW:False|BL:True|MARL:False,B_PaperReplication,base,stationary,False,True,False,42,662.8208553764855,1.0,1.0,122.24073476421476,0.0,3245.01877547404,465.94607456420505,0.0,2101.516440318408,14.735405214941554,2508.263901925059,27.958324661999995,0.1946439430000737,28.15296860500007,0.0,1,0
B_PaperReplication|base|stationary|GW:False|BL:True|MARL:False,B_PaperReplication,base,stationary,False,True,False,123,661.6280516562542,1.0,0.9666666666666668,126.24138497030052,9.999999999999986,3230.4120276976746,478.0335999635277,0.9999999999999988,2075.151723193479,14.598652884414255,1144.1436285182365,9.738746177999928,0.0976652419999482,9.836411419999877,0.0,1,0
B_PaperReplication|base|stationary|GW:False|BL:True|MARL:False,B_PaperReplication,base,stationary,False,True,False,456,643.9099825051192,1.0,1.0,128.7894261962607,0.0,3157.2434278796227,486.24661442833246,0.0,2013.1628262039096,13.924004742260005,1238.9136673901664,10.536325304000002,0.0835238959998605,10.619849199999862,0.0,1,0
B_PaperReplication|base|stationary|GW:False|BL:True|MARL:False,B_PaperReplication,base,stationary,False,True,False,789,606.6094158294361,1.0,1.0,126.73489764279316,0.0,3061.1924611579934,469.0594796674177,0.0,1971.8926753236528,13.630890337489706,237.36126539918823,9.98531554400006,0.1541078940001625,10.139423438000222,0.0,1,0
B_PaperReplication|base|stationary|GW:False|BL:True|MARL:False,B_PaperReplication,base,stationary,False,True,False,1011,590.5981633672335,1.0,1.0,125.48022065448228,0.0,3175.278901036164,466.959144250269,0.0,2102.7835641243446,14.938029294319726,573.1889752186223,9.475193569999874,0.1064641579998806,9.581657727999756,0.0,1,0
B_PaperReplication|base|stationary|GW:False|BL:True|MARL:False,B_PaperReplication,base,stationary,False,True,False,2022,605.9479903116886,1.0,1.0,130.2270622960365,0.0,3291.7492746817024,493.1074216072152,0.0,2177.179610003605,15.514252759193338,392.00874534162256,12.618544747999977,0.0694566899999244,12.6880014379999,0.0,1,0
B_PaperReplication|base|stationary|GW:False|BL:True|MARL:False,B_PaperReplication,base,stationary,False,True,False,3033,615.335990954007,1.0,1.0,121.5959802821547,0.0,3143.7106163355675,460.7978116241695,0.0,2053.2102742066454,14.36653955074477,1459.982052738454,9.463362975999871,0.1015669259998048,9.564929901999676,0.0,1,0
B_PaperReplication|base|stationary|GW:False|BL:True|MARL:False,B_PaperReplication,base,stationary,False,True,False,4044,692.7776509334361,1.0,0.9666666666666668,121.23885168912716,7.0,3518.1316234670912,472.2084104539729,0.7000000000000001,2335.9909582229566,16.45460385672869,1184.354375351486,12.488549869999815,0.1439457010001206,12.632495570999936,0.0,1,0
B_PaperReplication|base|stationary|GW:False|BL:True|MARL:False,B_PaperReplication,base,stationary,False,True,False,5055,682.3062789927316,1.0,1.0,121.5122724634244,0.0,3489.3654686318664,469.83938223182105,0.0,2320.775049305252,16.444758102063673,541.2925462166016,9.453978272999848,0.0814639870000064,9.535442259999854,0.0,1,0
B_PaperReplication|base|stationary|GW:False|BL:True|MARL:False,B_PaperReplication,base,stationary,False,True,False,6066,654.1846961363583,1.0,1.0,127.12222792532351,0.0,3328.1014427515915,475.7194846225657,0.0,2183.097996783778,15.099265208888005,410.1945847837072,9.899483991999888,0.0876121349999721,9.98709612699986,0.0,1,0
B_PaperReplication|serial|stationary|GW:False|BL:True|MARL:False,B_PaperReplication,serial,stationary,False,True,False,42,816.8454510506498,1.0,1.0,47.11211585565539,0.0,2826.204067040018,129.83454300716951,0.0,1872.7350222406965,6.789050741502261,160.90233760250277,32.3525322160001,0.0461780619998535,32.39871027799995,0.0,1,0
B_PaperReplication|serial|stationary|GW:False|BL:True|MARL:False,B_PaperReplication,serial,stationary,False,True,False,123,829.4919371761515,1.0,0.9666666666666668,48.30590805370081,1.0,2798.157419613028,130.13793212835327,0.1,1832.009752281485,6.41779802703701,181.10403964750068,10.407596804999912,0.0637172419999387,10.47131404699985,0.0,1,0
B_PaperReplication|serial|stationary|GW:False|BL:True|MARL:False,B_PaperReplication,serial,stationary,False,True,False,456,808.8064753535577,1.0,1.0,47.942833544623774,0.0,2757.913657845708,130.41217355642226,0.0,1812.284372713016,6.410636222710674,123.97215475045542,14.4741049270001,0.0520017810001718,14.52610670800027,0.0,1,0
B_PaperReplication|serial|stationary|GW:False|BL:True|MARL:False,B_PaperReplication,serial,stationary,False,True,False,789,782.6220528095706,1.0,1.0,49.70170217779959,0.0,2666.077682445936,130.49430569307154,0.0,1746.6694878355022,6.29183610779133,82.16068548810227,13.537771296000074,0.0496778300000642,13.587449126000138,0.0,1,0
B_PaperReplication|serial|stationary|GW:False|BL:True|MARL:False,B_PaperReplication,serial,stationary,False,True,False,1011,753.5899177689664,1.0,1.0,46.21308672285312,0.0,2697.992624864557,124.0390844584894,0.0,1813.9666395951533,6.396983041947621,114.56126522322069,11.09612785100012,0.0510797700001148,11.147207621000234,0.0,1,0
B_PaperReplication|serial|stationary|GW:False|BL:True|MARL:False,B_PaperReplication,serial,stationary,False,True,False,2022,782.2638497815633,1.0,1.0,45.03948197652601,0.0,2818.2324736750315,123.67979281223803,0.0,1905.5232105552416,6.765620525987871,147.9514899609351,10.887200313999983,0.0489479190000565,10.93614823300004,0.0,1,0
B_PaperReplication|serial|stationary|GW:False|BL:True|MARL:False,B_PaperReplication,serial,stationary,False,True,False,3033,778.1639542742031,1.0,1.0,44.00658969566358,0.0,2716.2924597464385,122.27295010132056,0.0,1809.377198839652,6.478356531262448,122.9044165775203,15.770620517999989,0.1043778210000709,15.874998339000058,0.0,1,0
B_PaperReplication|serial|stationary|GW:False|BL:True|MARL:False,B_PaperReplication,serial,stationary,False,True,False,4044,859.2278912244453,1.0,1.0,44.28472663935208,0.0,2993.16333642916,126.2917149001426,0.0,2000.4970559148576,7.14667438971396,130.40009928028303,17.485472544999993,0.0502873709999676,17.53575991599996,0.0,1,0
B_PaperReplication|serial|stationary|GW:False|BL:True|MARL:False,B_PaperReplication,serial,stationary,False,True,False,5055,836.7266723627088,1.0,1.0,43.84840343580006,0.0,2935.496886119091,123.70930989362644,0.0,1968.287539445177,6.773364417579432,133.4224533481099,15.285712709000109,0.055258927000068,15.340971636000177,0.0,1,0
B_PaperReplication|serial|stationary|GW:False|BL:True|MARL:False,B_PaperReplication,serial,stationary,False,True,False,6066,834.9595292974332,1.0,1.0,43.97330586621854,0.0,2785.862847497864,121.5126378933226,0.0,1823.0149123403985,6.37576796671077,102.66098421697131,8.449328068000113,0.0424738439999146,8.491801912000028,0.0,1,0
C_MARL|base|trend+seasonal|GW:False|BL:True|MARL:True,C_MARL,base,trend+seasonal,False,True,True,42,985.0333522231336,1.0,0.7,149.9162210110527,992.7400476265416,5366.118089814145,627.7503026042925,99.27400476265414,3628.722442908205,25.33798731586124,2075.054783796647,46.74281699700009,0.1336290560000179,46.87644605300011,0.0,1,0
C_MARL|base|trend+seasonal|GW:False|BL:True|MARL:True,C_MARL,base,trend+seasonal,False,True,True,123,922.1717567257388,1.0,0.6666666666666666,160.42623676692378,1138.8508157520137,5440.130198111552,668.3841085786062,113.88508157520135,3709.435591977585,26.25365925441908,1165.1357333691324,14.195791370000052,0.1696214340001915,14.365412804000243,0.0,1,0
C_MARL|base|trend+seasonal|GW:False|BL:True|MARL:True,C_MARL,base,trend+seasonal,False,True,True,456,896.6093489128543,1.0,0.7333333333333333,157.47936900320832,912.7400476265416,5323.4570576509095,662.0413665144496,91.27400476265416,3646.981091169466,26.551246291487068,1241.877201343425,21.017031783,0.1857913419999022,21.20282312499989,0.0,1,0
C_MARL|base|trend+seasonal|GW:False|BL:True|MARL:True,C_MARL,base,trend+seasonal,False,True,True,789,851.6269192382998,1.0,0.7,159.4494048810484,951.7824492484716,5345.1519711315805,661.390667890225,95.17824492484718,3710.850611899596,26.10552717861336,970.9091015943008,14.5548722420001,0.0882435430000896,14.643115785000193,0.0,1,0
C_MARL|base|trend+seasonal|GW:False|BL:True|MARL:True,C_MARL,base,trend+seasonal,False,True,True,1011,949.558660674982,1.0,0.7333333333333333,146.01134258381742,598.4633426497018,5191.161524137413,612.6790935069591,59.84633426497018,3544.2260989094807,24.851336781021136,963.5446069257156,26.78074866399993,0.0960646629998791,26.87681332699981,0.0,1,0
C_MARL|base|trend+seasonal|GW:False|BL:True|MARL:True,C_MARL,base,trend+seasonal,False,True,True,2022,957.5300877895472,1.0,0.6666666666666666,156.82381832840596,993.5099543841636,5472.6890917472965,646.9829252060922,99.35099543841636,3742.643000484917,26.18208282832129,1467.5739743249858,19.72051003000001,0.1969760320000659,19.91748606200008,0.0,1,0
C_MARL|base|trend+seasonal|GW:False|BL:True|MARL:True,C_MARL,base,trend+seasonal,False,True,True,3033,953.7084761758548,1.0,0.7,149.99701689103424,854.7148241821235,5194.768364419409,618.3302665839468,85.47148241821235,3512.92567811886,24.33246112253469,1549.228315386178,16.065110275000052,0.1609424359999138,16.226052710999966,0.0,1,0
C_MARL|base|trend+seasonal|GW:False|BL:True|MARL:True,C_MARL,base,trend+seasonal,False,True,True,4044,1015.5626888239184,1.0,0.7,151.7527747113989,1087.7400476265416,5778.209209234357,656.1288101370587,108.77400476265416,3969.916987235115,27.82671827561108,1103.844569057799,16.740587984000058,0.107666791000156,16.848254775000214,0.0,1,0
C_MARL|base|trend+seasonal|GW:False|BL:True|MARL:True,C_MARL,base,trend+seasonal,False,True,True,5055,1019.633989101092,1.0,0.7333333333333333,147.09888401787168,1014.2862912955168,5618.155378717365,627.5889894059443,101.42862912955168,3842.868101277824,26.63566980294902,1271.203142518334,10.50543050400006,0.1789763220001532,10.684406826000211,0.0,1,0
C_MARL|base|trend+seasonal|GW:False|BL:True|MARL:True,C_MARL,base,trend+seasonal,False,True,True,6066,992.1242256467822,1.0,0.6,150.2245631539844,1121.2894823913698,5253.294075267828,625.3101537763035,112.128948239137,3499.665291241129,24.065456364478845,1191.9863661955028,13.409321398999964,0.1115672240000549,13.52088862300002,0.0,1,0
C_MARL|base|trend+seasonal+shock|GW:False|BL:True|MARL:True,C_MARL,base,trend+seasonal+shock,False,True,True,42,1560.693513945631,1.0,0.7,130.26037931986224,1025.7400476265416,8473.249497597275,663.6288834805285,102.57400476265414,6103.518827287596,42.83426812086719,488.3891789636284,14.78776172899984,0.0603626919998987,14.84812442099974,0.0,1,0
C_MARL|base|trend+seasonal+shock|GW:False|BL:True|MARL:True,C_MARL,base,trend+seasonal+shock,False,True,True,123,1568.0324451225615,1.0,0.6666666666666666,136.391764017988,1175.8508157520137,8358.827976517241,680.0645336390558,117.58508157520136,5951.818156857007,41.327759323412046,409.48262247445217,10.21696487500003,0.2125780280000526,10.429542903000083,0.0,1,0
C_MARL|base|trend+seasonal+shock|GW:False|BL:True|MARL:True,C_MARL,base,trend+seasonal+shock,False,True,True,456,1532.1339295487023,1.0,0.7333333333333333,134.2235505816349,949.7400476265416,8322.496091868023,683.5230950218983,94.97400476265416,5969.795653559002,42.06940897576585,453.3119833863026,11.168579228,0.0980284249999385,11.266607652999935,0.0,1,0
C_MARL|base|trend+seasonal+shock|GW:False|BL:True|MARL:True,C_MARL,base,trend+seasonal+shock,False,True,True,789,1515.3003612602645,1.0,0.6666666666666666,135.7695481617957,1010.2955876098076,8069.776035427027,674.6032960268711,101.02955876098078,5738.8231259559725,40.0196934229352,340.9397460136266,9.818698320999829,0.0860806430000593,9.904778963999888,0.0,1,0
C_MARL|base|trend+seasonal+shock|GW:False|BL:True|MARL:True,C_MARL,base,trend+seasonal+shock,False,True,True,1011,1539.9660416327893,1.0,0.7333333333333333,126.68752876281476,634.4633426497018,8332.557273722816,649.6694727946162,63.446334264970176,6036.523548620669,42.95187640977102,482.8953827599045,8.932009562000076,0.210996416999933,9.143005979000009,0.0,1,0
C_MARL|base|trend+seasonal+shock|GW:False|BL:True|MARL:True,C_MARL,base,trend+seasonal+shock,False,True,True,2022,1519.5457763259662,1.0,0.6666666666666666,138.7615002954194,1025.5099543841636,8487.13670324775,691.2219406311425,102.55099543841636,6131.442560532587,42.37543031963888,481.53136979489767,9.025090572999945,0.0820391920001384,9.107129765000082,0.0,1,0
C_MARL|base|trend+seasonal+shock|GW:False|BL:True|MARL:True,C_MARL,base,trend+seasonal+shock,False,True,True,3033,1534.0290864132826,1.0,0.7,131.61637899135704,890.7148241821235,8353.227532571269,665.0017535669659,89.07148241821236,6022.958108509252,42.167101663553886,369.1357015360746,9.459240665000152,0.0784508210001604,9.537691486000313,0.0,1,0
C_MARL|base|trend+seasonal+shock|GW:False|BL:True|MARL:True,C_MARL,base,trend+seasonal+shock,False,True,True,4044,1640.474034743033,1.0,0.6666666666666666,132.18222694338652,1145.8137177054914,9047.183293552254,692.7414390371549,114.58137177054915,6554.383725535931,45.00272246558939,499.0867908591905,12.694279839000046,0.1411327339999388,12.835412572999983,0.0,1,0
C_MARL|base|trend+seasonal+shock|GW:False|BL:True|MARL:True,C_MARL,base,trend+seasonal+shock,False,True,True,5055,1616.1781727158336,1.0,0.7,126.19458687553656,1063.123597283612,8704.98641498399,657.8587310620486,106.31235972836124,6280.969379178519,43.66777229922634,437.7738424812957,20.41971072399997,0.11331610000002,20.53302682399999,0.0,1,0
C_MARL|base|trend+seasonal+shock|GW:False|BL:True|MARL:True,C_MARL,base,trend+seasonal+shock,False,True,True,6066,1564.481824398631,1.0,0.5666666666666667,130.43414562168357,1165.126788379465,8298.888347466655,661.0226078601088,116.51267883794654,5915.383790206629,41.48744616333583,358.4759877463392,16.021797606000064,0.2739258149999841,16.295723421000048,0.0,1,0
C_MARL|serial|trend+seasonal|GW:False|BL:True|MARL:True,C_MARL,serial,trend+seasonal,False,True,True,42,1236.9113772517362,0.9976917527251148,0.3666666666666666,33.190721045269306,1187.093922493318,4539.8170130016815,111.38459266496864,118.7093922493318,3062.1337677757365,10.677883059907517,600.0436175286601,27.23202529299988,0.0511379239999314,27.28316321699981,0.0,1,0
C_MARL|serial|trend+seasonal|GW:False|BL:True|MARL:True,C_MARL,serial,trend+seasonal,False,True,True,123,1249.017430184269,0.9892256184320984,0.4333333333333333,42.83413962645224,1142.3461002906372,4450.0297236477445,128.34297401573778,114.2346100290637,2948.227115898376,10.207593520298104,377.9999331241431,10.797827339999913,0.0553299910000077,10.85315733099992,0.0,1,0
C_MARL|serial|trend+seasonal|GW:False|BL:True|MARL:True,C_MARL,serial,trend+seasonal,False,True,True,456,1229.759851049143,1.0,0.4,38.65021342893754,1098.536981896946,4452.784200261604,120.47519024348146,109.8536981896946,2982.3834752789376,10.311985500346683,465.94165645722927,8.761100028999863,0.0694192700000257,8.830519298999889,0.0,1,0
C_MARL|serial|trend+seasonal|GW:False|BL:True|MARL:True,C_MARL,serial,trend+seasonal,False,True,True,789,1179.044403901599,1.0,0.5,45.42990411838657,1121.2506645401454,4337.074433149888,130.79019081805998,112.12506645401452,2905.298259559893,9.81651241632183,390.0341163064091,8.790405861999716,0.0880530069998712,8.878458868999587,0.0,1,0
C_MARL|serial|trend+seasonal|GW:False|BL:True|MARL:True,C_MARL,serial,trend+seasonal,False,True,True,1011,1205.9903547711192,1.0,0.5,40.066920208694064,816.5821753793567,4363.658691596977,121.77985051794715,81.65821753793566,2944.107376925508,10.122891844467183,415.7352295131737,9.697070840999912,0.0556553649998932,9.752726205999808,0.0,1,0
C_MARL|serial|trend+seasonal|GW:False|BL:True|MARL:True,C_MARL,serial,trend+seasonal,False,True,True,2022,1231.0451617223257,1.0,0.5,45.14224496334088,898.0871264166581,4583.508067765987,135.27352154167258,89.8087126416658,3116.402777662395,10.977894197928157,382.6664380070823,12.882446945000083,0.1021909950000008,12.984637940000084,0.0,1,0
C_MARL|serial|trend+seasonal|GW:False|BL:True|MARL:True,C_MARL,serial,trend+seasonal,False,True,True,3033,1191.338323160449,1.0,0.4666666666666667,40.06361209697033,854.6825741585651,4356.278686714511,123.22310807704342,85.46825741585651,2946.16696302482,10.082035036343516,497.52279562253807,10.502833217999978,0.1238870900001529,10.626720308000133,0.0,1,0
C_MARL|serial|trend+seasonal|GW:False|BL:True|MARL:True,C_MARL,serial,trend+seasonal,False,True,True,4044,1271.9185602268951,0.981818170009222,0.3333333333333333,33.94026674445321,1569.7206688529425,4688.620909522703,113.51706127142296,156.9720668852942,3135.300003379189,10.913217759905162,454.1137916752682,15.431826803000147,0.0562679999998181,15.488094802999967,0.0,1,0
C_MARL|serial|trend+seasonal|GW:False|BL:True|MARL:True,C_MARL,serial,trend+seasonal,False,True,True,5055,1215.08540066536,0.9836051559682504,0.4333333333333333,38.89908257890947,1431.9789491165964,4635.364861104133,123.0646688755016,143.19789491165963,3143.0308454079086,10.986051243702065,437.8812366808048,11.071277418000136,0.0701862979999532,11.14146371600009,0.0,1,0
C_MARL|serial|trend+seasonal|GW:False|BL:True|MARL:True,C_MARL,serial,trend+seasonal,False,True,True,6066,1227.4765083937514,0.9941020107603432,0.4,45.34963986718838,1279.6856632437102,4524.725071366888,132.5643889631426,127.96856632437104,3026.155603113618,10.560004572005496,326.9842952271217,11.737660302000222,0.0600037569997766,11.797664059,0.0,1,0
C_MARL|serial|trend+seasonal+shock|GW:False|BL:True|MARL:True,C_MARL,serial,trend+seasonal+shock,False,True,True,42,1048.281706512139,0.7884974642676953,0.1666666666666666,33.53700007315774,3871.8757094277935,5423.5499896611445,118.94131989830902,387.18757094277953,3855.011056247836,14.1283360600818,300.37598782947225,8.819646734000344,0.0377949900002931,8.857441724000637,0.0,1,0
C_MARL|serial|trend+seasonal+shock|GW:False|BL:True|MARL:True,C_MARL,serial,trend+seasonal+shock,False,True,True,123,1285.2208058700012,0.8616442337096273,0.1666666666666666,34.69139388298585,3095.922682946426,5827.503941954174,124.66596483170387,309.59226829464257,4093.627552639337,14.397350318489112,174.92868940654856,6.457243666000068,0.0320527449998735,6.489296410999941,0.0,1,0
C_MARL|serial|trend+seasonal+shock|GW:False|BL:True|MARL:True,C_MARL,serial,trend+seasonal+shock,False,True,True,456,1167.0428253968248,0.8450654876227668,0.1666666666666666,34.696316349305185,3587.506513837431,5667.559601654756,122.34968367282706,358.7506513837431,4005.32706040553,14.089380795830522,277.2865450244274,7.793197346999932,0.039854349000052,7.833051695999984,0.0,1,0
C_MARL|serial|trend+seasonal+shock|GW:False|BL:True|MARL:True,C_MARL,serial,trend+seasonal+shock,False,True,True,789,1246.9967122244257,0.866697878307809,0.2,36.28088967056838,3109.58191516612,5699.577356113039,125.25270578242626,310.95819151661203,4002.4364803167687,13.933266272808993,183.52930580194808,6.536588639999991,0.0377479469998434,6.574336586999834,0.0,1,0
C_MARL|serial|trend+seasonal+shock|GW:False|BL:True|MARL:True,C_MARL,serial,trend+seasonal+shock,False,True,True,1011,1113.9922032545592,0.8289193683848701,0.2333333333333333,36.01033526759101,3360.75963628248,5425.023437864066,121.45641242936613,336.0759636282479,3839.980875251851,13.51798330004018,312.5017785000272,13.90360661900013,0.0682522100000824,13.971858829000212,0.0,1,0
C_MARL|serial|trend+seasonal+shock|GW:False|BL:True|MARL:True,C_MARL,serial,trend+seasonal+shock,False,True,True,2022,1235.883556418593,0.8350567969486395,0.1666666666666666,36.22424650555376,2801.6845339458728,5734.641448662244,127.23145878127912,280.1684533945873,4076.434778396266,14.923201671518749,191.6743696426612,13.921110609999689,0.0220599790000051,13.943170588999692,0.0,1,0
C_MARL|serial|trend+seasonal+shock|GW:False|BL:True|MARL:True,C_MARL,serial,trend+seasonal+shock,False,True,True,3033,1190.6007719718082,0.8436313867217774,0.1666666666666666,33.988080996985715,3171.6597903235256,5590.091930972495,120.16567358560522,317.1659790323525,3948.3301632428975,13.829343139831272,228.95600331678617,12.041688866000186,0.0311938929999087,12.072882759000096,0.0,1,0
C_MARL|serial|trend+seasonal+shock|GW:False|BL:True|MARL:True,C_MARL,serial,trend+seasonal+shock,False,True,True,4044,1181.9003228788984,0.8140138760180671,0.2,36.77442447398303,3839.74807717676,5849.67265123115,129.21433626520442,383.974807717676,4139.510779364553,15.07240500481592,389.9372638604686,12.704858417,0.0301804850000007,12.735038902,0.0,1,0
C_MARL|serial|trend+seasonal+shock|GW:False|BL:True|MARL:True,C_MARL,serial,trend+seasonal+shock,False,True,True,5055,1149.109144221427,0.833534263796477,0.2333333333333333,36.54720714026045,3804.96160071766,5771.272672240309,126.79544128242728,380.4961600717661,4100.438580614977,14.433346049712174,365.403515610845,4.891985783999999,0.0306087660000002,4.92259455,0.0,1,0
C_MARL|serial|trend+seasonal+shock|GW:False|BL:True|MARL:True,C_MARL,serial,trend+seasonal+shock,False,True,True,6066,1321.7466191455158,0.8793348211830356,0.1666666666666666,36.90518495068751,2939.5065177089864,5968.089865164173,129.9284145408283,293.9506517708986,4207.623731464598,14.84044824233392,202.94749609392343,6.165823506000002,0.0254629309999998,6.191286437000002,0.0,1,0
D_WalmartM5|base|M5_volatile|GW:False|BL:True|MARL:False,D_WalmartM5,base,M5_volatile,False,True,False,42,187.57319434482923,0.7785064025579426,0.7333333333333333,178.66343028873848,911.719921937639,2840.5412289285687,524.9785229341851,91.1719921937639,2016.974511574813,19.8430078809764,1467.9994652324428,10.823635948,0.0773821109999985,10.901018058999998,0.0,1,0
D_WalmartM5|base|M5_volatile|GW:False|BL:True|MARL:False,D_WalmartM5,base,M5_volatile,False,True,False,123,214.0354641699756,0.799343647105636,0.7333333333333333,177.67417800435635,802.9885534763011,2937.376622479354,526.7246066947049,80.29885534763011,2095.750223295772,20.56747297127176,1747.2321560490698,8.097061582999999,0.1006809309999994,8.197742513999998,0.0,1,0
D_WalmartM5|base|M5_volatile|GW:False|BL:True|MARL:False,D_WalmartM5,base,M5_volatile,False,True,False,456,214.0354641699756,0.799343647105636,0.7333333333333333,177.67417800435635,802.9885534763011,2937.376622479354,526.7246066947049,80.29885534763011,2095.750223295772,20.56747297127176,1747.2321560490698,7.355502599000001,0.0810829719999972,7.436585570999998,0.0,1,0
D_WalmartM5|base|M5_volatile|GW:False|BL:True|MARL:False,D_WalmartM5,base,M5_volatile,False,True,False,789,214.0354641699756,0.799343647105636,0.7333333333333333,177.67417800435635,802.9885534763011,2937.376622479354,526.7246066947049,80.29885534763011,2095.750223295772,20.56747297127176,1747.2321560490698,8.804726775999995,0.0872259140000011,8.891952689999997,0.0,1,0
D_WalmartM5|base|M5_volatile|GW:False|BL:True|MARL:False,D_WalmartM5,base,M5_volatile,False,True,False,1011,214.0354641699756,0.799343647105636,0.7333333333333333,177.67417800435635,802.9885534763011,2937.376622479354,526.7246066947049,80.29885534763011,2095.750223295772,20.56747297127176,1747.2321560490698,7.108171381000005,0.0707454060000003,7.178916787000006,0.0,1,0
D_WalmartM5|base|M5_volatile|GW:False|BL:True|MARL:False,D_WalmartM5,base,M5_volatile,False,True,False,2022,214.0354641699756,0.799343647105636,0.7333333333333333,177.67417800435635,802.9885534763011,2937.376622479354,526.7246066947049,80.29885534763011,2095.750223295772,20.56747297127176,1747.2321560490698,5.238067979,0.0623725300000046,5.300440509000005,0.0,1,0
D_WalmartM5|base|M5_volatile|GW:False|BL:True|MARL:False,D_WalmartM5,base,M5_volatile,False,True,False,3033,214.0354641699756,0.799343647105636,0.7333333333333333,177.67417800435635,802.9885534763011,2937.376622479354,526.7246066947049,80.29885534763011,2095.750223295772,20.56747297127176,1747.2321560490698,4.2879724110000055,0.060865047,4.3488374580000055,0.0,1,0
D_WalmartM5|base|M5_volatile|GW:False|BL:True|MARL:False,D_WalmartM5,base,M5_volatile,False,True,False,4044,214.0354641699756,0.799343647105636,0.7333333333333333,177.67417800435635,802.9885534763011,2937.376622479354,526.7246066947049,80.29885534763011,2095.750223295772,20.56747297127176,1747.2321560490698,4.150706322000005,0.0630227930000018,4.213729115000007,0.0,1,0
D_WalmartM5|base|M5_volatile|GW:False|BL:True|MARL:False,D_WalmartM5,base,M5_volatile,False,True,False,5055,214.0354641699756,0.799343647105636,0.7333333333333333,177.67417800435635,802.9885534763011,2937.376622479354,526.7246066947049,80.29885534763011,2095.750223295772,20.56747297127176,1747.2321560490698,4.121187880000008,0.0488783170000033,4.170066197000011,0.0,1,0
D_WalmartM5|base|M5_volatile|GW:False|BL:True|MARL:False,D_WalmartM5,base,M5_volatile,False,True,False,6066,214.0354641699756,0.799343647105636,0.7333333333333333,177.67417800435635,802.9885534763011,2937.376622479354,526.7246066947049,80.29885534763011,2095.750223295772,20.56747297127176,1747.2321560490698,3.613442986999999,0.0541476369999998,3.667590623999999,0.0,1,0
D_WalmartM5|serial|M5_volatile|GW:False|BL:True|MARL:False,D_WalmartM5,serial,M5_volatile,False,True,False,42,78.27037520545679,0.4833333333333333,0.7666666666666667,93.50633503949992,1296.054054054054,1574.0300913661213,185.95559963048964,129.60540540540538,1174.7584102111084,5.440300913661214,235.3440401958024,5.897200161000001,0.0281727290000048,5.9253728900000056,0.0,1,0
D_WalmartM5|serial|M5_volatile|GW:False|BL:True|MARL:False,D_WalmartM5,serial,M5_volatile,False,True,False,123,78.27037520545679,0.4833333333333333,0.7666666666666667,93.50633503949992,1296.054054054054,1574.0300913661213,185.95559963048964,129.60540540540538,1174.7584102111084,5.440300913661214,235.3440401958024,3.5425626100000045,0.0280855139999971,3.5706481240000016,0.0,1,0
D_WalmartM5|serial|M5_volatile|GW:False|BL:True|MARL:False,D_WalmartM5,serial,M5_volatile,False,True,False,456,78.27037520545679,0.4833333333333333,0.7666666666666667,93.50633503949992,1296.054054054054,1574.0300913661213,185.95559963048964,129.60540540540538,1174.7584102111084,5.440300913661214,235.3440401958024,3.56985752,0.0275656150000003,3.597423135,0.0,1,0
D_WalmartM5|serial|M5_volatile|GW:False|BL:True|MARL:False,D_WalmartM5,serial,M5_volatile,False,True,False,789,78.27037520545679,0.4833333333333333,0.7666666666666667,93.50633503949992,1296.054054054054,1574.0300913661213,185.95559963048964,129.60540540540538,1174.7584102111084,5.440300913661214,235.3440401958024,3.833799737000007,0.0295499260000013,3.863349663000008,0.0,1,0
D_WalmartM5|serial|M5_volatile|GW:False|BL:True|MARL:False,D_WalmartM5,serial,M5_volatile,False,True,False,1011,78.27037520545679,0.4833333333333333,0.7666666666666667,93.50633503949992,1296.054054054054,1574.0300913661213,185.95559963048964,129.60540540540538,1174.7584102111084,5.440300913661214,235.3440401958024,4.04154036700001,0.0306276449999955,4.072168012000006,0.0,1,0
D_WalmartM5|serial|M5_volatile|GW:False|BL:True|MARL:False,D_WalmartM5,serial,M5_volatile,False,True,False,2022,78.27037520545679,0.4833333333333333,0.7666666666666667,93.50633503949992,1296.054054054054,1574.0300913661213,185.95559963048964,129.60540540540538,1174.7584102111084,5.440300913661214,235.3440401958024,4.345256767000009,0.0326220649999982,4.377878832000008,0.0,1,0
D_WalmartM5|serial|M5_volatile|GW:False|BL:True|MARL:False,D_WalmartM5,serial,M5_volatile,False,True,False,3033,78.27037520545679,0.4833333333333333,0.7666666666666667,93.50633503949992,1296.054054054054,1574.0300913661213,185.95559963048964,129.60540540540538,1174.7584102111084,5.440300913661214,235.3440401958024,4.753024949000007,0.0343437120000089,4.787368661000016,0.0,1,0
D_WalmartM5|serial|M5_volatile|GW:False|BL:True|MARL:False,D_WalmartM5,serial,M5_volatile,False,True,False,4044,78.27037520545679,0.4833333333333333,0.7666666666666667,93.50633503949992,1296.054054054054,1574.0300913661213,185.95559963048964,129.60540540540538,1174.7584102111084,5.440300913661214,235.3440401958024,3.997554874000002,0.0348030770000065,4.032357951000009,0.0,1,0
D_WalmartM5|serial|M5_volatile|GW:False|BL:True|MARL:False,D_WalmartM5,serial,M5_volatile,False,True,False,5055,78.27037520545679,0.4833333333333333,0.7666666666666667,93.50633503949992,1296.054054054054,1574.0300913661213,185.95559963048964,129.60540540540538,1174.7584102111084,5.440300913661214,235.3440401958024,3.94929943599999,0.0330073970000057,3.982306832999996,0.0,1,0
D_WalmartM5|serial|M5_volatile|GW:False|BL:True|MARL:False,D_WalmartM5,serial,M5_volatile,False,True,False,6066,78.27037520545679,0.4833333333333333,0.7666666666666667,93.50633503949992,1296.054054054054,1574.0300913661213,185.95559963048964,129.60540540540538,1174.7584102111084,5.440300913661214,235.3440401958024,3.802941242000003,0.0324604449999981,3.835401687000001,0.0,1,0
A_Core|base|trend+seasonal|GW:False|BL:False|MARL:False,A_Core,base,trend+seasonal,False,False,False,42,513.2617022079564,0.7734864300626305,0.7666666666666667,184.9449834582865,217.0,4542.1758842802365,727.130110153981,21.700000000000003,3255.456939558308,24.62713235999003,2027.499726394723,21.406541343,0.1487109259999997,21.555252269,0.0,1,0
A_Core|base|trend+seasonal|GW:False|BL:False|MARL:False,A_Core,base,trend+seasonal,False,False,False,123,476.218376184115,0.757700205338809,0.7666666666666667,191.06089453450087,236.0,4527.098883839299,747.4535009182757,23.6,3255.047619714808,24.77938702209752,1513.4506757324602,8.597258966999998,0.1078479940000036,8.705106961000002,0.0,1,0
A_Core|base|trend+seasonal|GW:False|BL:False|MARL:False,A_Core,base,trend+seasonal,False,False,False,456,481.1467915919212,0.7783669141039237,0.8,185.2706234122605,209.0,4519.950979021168,733.770838483305,20.9,3258.871766370034,25.26158257590953,1341.649499175947,6.586603502999999,0.112825303000001,6.699428806,0.0,1,0
A_Core|base|trend+seasonal|GW:False|BL:False|MARL:False,A_Core,base,trend+seasonal,False,False,False,789,416.4893937012769,0.7670639219934995,0.8,191.06857856283003,215.0,4561.535157344191,744.9336789296867,21.5,3353.8140706014565,24.798014111771263,997.4482010832872,7.054205575000005,0.0834772540000017,7.137682829000006,0.0,1,0
A_Core|base|trend+seasonal|GW:False|BL:False|MARL:False,A_Core,base,trend+seasonal,False,False,False,1011,627.6211592611834,0.8275109170305677,0.8333333333333334,167.48446108761075,158.0,4576.778741945259,667.8064359383566,15.800000000000002,3242.0630023682493,23.488144377470544,1100.215526323905,4.954239657999999,0.0604951510000049,5.014734809000004,0.0,1,0
A_Core|base|trend+seasonal|GW:False|BL:False|MARL:False,A_Core,base,trend+seasonal,False,False,False,2022,546.3719922734028,0.7870563674321504,0.7666666666666667,186.76068527382068,204.0,4638.314628256055,730.6382740962692,20.4,3316.3755463844827,24.52881550189985,1746.139499929238,3.773064505999997,0.0474613220000037,3.820525828000001,0.0,1,0
A_Core|base|trend+seasonal|GW:False|BL:False|MARL:False,A_Core,base,trend+seasonal,False,False,False,3033,584.6569170457273,0.7950377562028047,0.7666666666666667,175.30892006567746,190.0,4419.498525970515,685.8345184080953,19.0,3107.4882353052835,22.51885521140759,2094.3325630937675,3.559577202,0.0471099660000007,3.606687168000001,0.0,1,0
A_Core|base|trend+seasonal|GW:False|BL:False|MARL:False,A_Core,base,trend+seasonal,False,False,False,4044,572.4015407507758,0.7711198428290766,0.7666666666666667,182.98672775403887,233.0,4824.602980931666,735.7563919778904,23.3,3467.3401718266546,25.804876376343145,1223.8892870918348,3.685576239999996,0.056716000999998,3.742292240999994,0.0,1,0
A_Core|base|trend+seasonal|GW:False|BL:False|MARL:False,A_Core,base,trend+seasonal,False,False,False,5055,587.3965588609567,0.7831813576494427,0.8,180.7489100163236,214.0,4729.664725384278,718.1152600435188,21.4,3378.310928321412,24.44197815839332,1467.436952064312,3.9712053850000046,0.0616628260000027,4.032868211000007,0.0,1,0
A_Core|base|trend+seasonal|GW:False|BL:False|MARL:False,A_Core,base,trend+seasonal,False,False,False,6066,554.1117834240415,0.7760577915376677,0.7,180.468110837458,217.0,4484.984500666245,716.8044374485597,21.7,3168.397758552512,23.97052124113409,1413.6110809705913,4.264049653000001,0.0565503489999912,4.320600001999992,0.0,1,0
A_Core|base|trend+seasonal|GW:True|BL:False|MARL:False,A_Core,base,trend+seasonal,True,False,False,42,162.63439873980172,0.7666214382632293,0.8,192.06569354212343,172.0,3750.925469027435,752.0327562327686,17.200000000000003,2795.3954299217776,23.662884133087385,1435.769569881155,3.6525809370000095,0.0499293179999966,3.702510255000007,0.0,1,0
A_Core|base|trend+seasonal|GW:True|BL:False|MARL:False,A_Core,base,trend+seasonal,True,False,False,123,182.53019952777925,0.7542613636363636,0.7666666666666667,183.3593005352407,173.0,3421.9709298123366,701.8347521656061,17.3,2499.254876160278,21.051101958673083,1281.1728773855828,3.4227908860000014,0.0468482539999968,3.469639139999998,0.0,1,0
A_Core|base|trend+seasonal|GW:True|BL:False|MARL:False,A_Core,base,trend+seasonal,True,False,False,456,233.98096293905948,0.7849462365591398,0.8,188.06195298370525,160.0,3750.928709310076,724.707126989508,16.0,2753.6660020464224,22.574617335086163,971.0188194991788,3.504905485000009,0.0469748059999943,3.551880291000004,0.0,1,0
A_Core|base|trend+seasonal|GW:True|BL:False|MARL:False,A_Core,base,trend+seasonal,True,False,False,789,153.06653118930546,0.7513440860215054,0.8,195.96028988217464,185.0,3700.1063176524094,750.4552102458304,18.5,2755.5558873570008,22.52868886027312,945.0023845388796,3.457323497999994,0.0496561870000107,3.506979685000005,0.0,1,0
A_Core|base|trend+seasonal|GW:True|BL:False|MARL:False,A_Core,base,trend+seasonal,True,False,False,1011,382.3433126405292,0.8091503267973856,0.8333333333333334,173.9117526047996,146.0,3817.6444748504814,667.8080654774479,14.600000000000003,2731.7313559268428,21.16174080566224,1146.3329226774752,3.4740141559999955,0.0529645830000049,3.5269787390000005,0.0,1,0
A_Core|base|trend+seasonal|GW:True|BL:False|MARL:False,A_Core,base,trend+seasonal,True,False,False,2022,155.94915842356895,0.7910014513788098,0.7666666666666667,192.92127980235017,144.0,3565.933009345511,735.7184904318553,14.4,2637.722512634632,22.14284785545548,1095.8083604363158,3.5293310160000004,0.0545768510000073,3.583907867000008,0.0,1,0
A_Core|base|trend+seasonal|GW:True|BL:False|MARL:False,A_Core,base,trend+seasonal,True,False,False,3033,262.79079079158925,0.8014084507042254,0.8,182.0981502524132,141.0,3581.484749904984,694.9377926395701,14.1,2588.694200977984,20.96196549583977,1286.8567093012714,3.6376845799999984,0.0567515880000115,3.69443616800001,0.0,1,0
A_Core|base|trend+seasonal|GW:True|BL:False|MARL:False,A_Core,base,trend+seasonal,True,False,False,4044,296.8317945638124,0.7712833545108005,0.8,184.24452326116145,180.0,3845.762996053972,711.868080197397,18.0,2796.4226133588068,22.640507933955952,1058.12787835645,3.7184465010000025,0.0607430389999876,3.77918953999999,0.0,1,0
A_Core|base|trend+seasonal|GW:True|BL:False|MARL:False,A_Core,base,trend+seasonal,True,False,False,5055,230.04148227781025,0.7582697201017812,0.8,193.31341092245813,190.0,3840.222146809889,746.338087096761,19.0,2822.0298282540207,22.812749181296866,1379.5175429053572,3.8437143320000047,0.0606217259999937,3.9043360579999984,0.0,1,0
A_Core|base|trend+seasonal|GW:True|BL:False|MARL:False,A_Core,base,trend+seasonal,True,False,False,6066,212.0599727660435,0.8026509572901326,0.7666666666666667,185.1183030948669,134.0,3361.5687440800702,697.0406370347274,13.400000000000002,2418.5789678515566,20.48916642774184,913.521940843834,4.150792492000008,0.0648598119999945,4.2156523040000025,0.0,1,0
A_Core|base|trend+seasonal+shock|GW:False|BL:False|MARL:False,A_Core,base,trend+seasonal+shock,False,False,False,42,1125.7477510118597,0.8433212996389892,0.7666666666666667,161.22496534516057,217.0,7636.987518222711,751.5050199581594,21.700000000000003,5697.270244798187,40.76450245450774,633.9098331979878,4.052025256999997,0.0655723320000021,4.117597588999999,0.0,1,0
A_Core|base|trend+seasonal+shock|GW:False|BL:False|MARL:False,A_Core,base,trend+seasonal+shock,False,False,False,123,1110.9333292545784,0.8315488936473947,0.7666666666666667,169.51625758540473,236.0,7447.600649152626,768.2592325348162,23.6,5505.193506802042,39.61458056118455,542.8887577314256,6.05238961900001,0.1182151419999968,6.170604761000007,0.0,1,0
A_Core|base|trend+seasonal+shock|GW:False|BL:False|MARL:False,A_Core,base,trend+seasonal+shock,False,False,False,456,1102.1289756952708,0.848,0.8,165.32219199942915,209.0,7473.856395527633,769.0220714395033,20.9,5542.117390901412,39.68795749144868,463.9518569228982,5.604578364000005,0.0711186120000064,5.675696976000012,0.0,1,0
A_Core|base|trend+seasonal+shock|GW:False|BL:False|MARL:False,A_Core,base,trend+seasonal+shock,False,False,False,789,1081.4249952727307,0.8420279206465834,0.8,167.82022564390564,215.0,7217.210178698162,763.4714531714188,21.5,5312.395006276733,38.4187239772786,348.9308509547772,5.145385703000002,0.0784431120000022,5.2238288150000045,0.0,1,0
A_Core|base|trend+seasonal+shock|GW:False|BL:False|MARL:False,A_Core,base,trend+seasonal+shock,False,False,False,1011,1219.1926211648852,0.8826151560178306,0.8333333333333334,149.80047360279752,158.0,7744.316458828654,715.0462309396269,15.800000000000002,5752.602806343424,41.674800380718,530.8282591699522,5.83604506399999,0.1191230329999939,5.955168096999984,0.0,1,0
A_Core|base|trend+seasonal+shock|GW:False|BL:False|MARL:False,A_Core,base,trend+seasonal+shock,False,False,False,2022,1156.6562457261434,0.8530259365994236,0.7666666666666667,165.81169815784278,204.0,7714.48182887136,760.7864452590094,20.4,5735.778387035352,40.860750850856526,660.8127387099697,9.99274136599999,0.1841184539999858,10.176859819999976,0.0,1,0
A_Core|base|trend+seasonal+shock|GW:False|BL:False|MARL:False,A_Core,base,trend+seasonal+shock,False,False,False,3033,1180.5452829128071,0.8611111111111112,0.7666666666666667,156.98429439199947,190.0,7661.892475199511,731.3583895653419,19.0,5690.38523588665,40.60356683471238,563.4857867520639,11.058309283,0.1593040470000062,11.217613330000006,0.0,1,0
A_Core|base|trend+seasonal+shock|GW:False|BL:False|MARL:False,A_Core,base,trend+seasonal+shock,False,False,False,4044,1158.750659848055,0.8410641200545702,0.7666666666666667,167.47755435253242,233.0,8117.165018928804,790.561028279911,23.3,6101.569561526533,42.98376927430308,523.367636185909,13.614118652000002,0.1048996520000002,13.719018304000002,0.0,1,0
A_Core|base|trend+seasonal+shock|GW:False|BL:False|MARL:False,A_Core,base,trend+seasonal+shock,False,False,False,5055,1176.2854790566212,0.849507735583685,0.8,159.99164955061332,214.0,7840.951587931518,753.0371624563296,21.4,5849.098486611347,41.130459807221385,510.98055767899496,7.452135294999977,0.1179172040000082,7.570052498999985,0.0,1,0
A_Core|base|trend+seasonal+shock|GW:False|BL:False|MARL:False,A_Core,base,trend+seasonal+shock,False,False,False,6066,1167.2243565895076,0.8445558739255015,0.7,162.06480109872646,217.0,7462.768363000986,751.0414063578614,21.7,5482.908524082453,39.89407597116268,430.02702874198826,7.629753310000012,0.1415387959999918,7.771292106000004,0.0,1,0
A_Core|base|trend+seasonal+shock|GW:True|BL:False|MARL:False,A_Core,base,trend+seasonal+shock,True,False,False,42,723.0678428552919,0.8298714144411474,0.8,172.8969353672807,172.0,5137.792319451151,698.6302190180688,17.200000000000003,3672.960423344424,25.933834233366323,1583.3048323223609,9.331264430999994,0.1316925040000001,9.462956934999994,0.0,1,0
A_Core|base|trend+seasonal+shock|GW:True|BL:False|MARL:False,A_Core,base,trend+seasonal+shock,True,False,False,123,654.4276915514517,0.8157614483493077,0.7666666666666667,165.97697826785603,173.0,4692.848724138053,654.6033149819037,17.3,3342.332453677672,24.18526392702343,1831.430597226716,8.111013050000025,0.1508779510000124,8.261891001000038,0.0,1,0
A_Core|base|trend+seasonal+shock|GW:True|BL:False|MARL:False,A_Core,base,trend+seasonal+shock,True,False,False,456,781.5499100121134,0.8404785643070788,0.8,167.230726428437,160.0,5126.784578491032,677.0080578877946,16.0,3626.175284907111,26.05132568401529,910.193538880869,7.188348410000003,0.1186134630000026,7.306961873000006,0.0,1,0
A_Core|base|trend+seasonal+shock|GW:True|BL:False|MARL:False,A_Core,base,trend+seasonal+shock,True,False,False,789,711.3680524157129,0.815,0.8,177.5775788348644,185.0,4909.261855073233,697.7976485194682,18.5,3456.252453273002,25.34370086504876,976.5371093359392,7.606055940000004,0.1273056179999798,7.733361557999984,0.0,1,0
A_Core|base|trend+seasonal+shock|GW:True|BL:False|MARL:False,A_Core,base,trend+seasonal+shock,True,False,False,1011,867.7188660217662,0.8627819548872181,0.8333333333333334,154.3599297021216,146.0,5766.669983267825,655.0316052005273,14.600000000000003,4199.74302258404,29.57648946149048,793.0276488740969,8.308288125000018,0.1271166450000009,8.43540477000002,0.0,1,0
A_Core|base|trend+seasonal+shock|GW:True|BL:False|MARL:False,A_Core,base,trend+seasonal+shock,True,False,False,2022,684.7723384819265,0.8454935622317596,0.7666666666666667,175.34079361392725,144.0,4891.05352762812,688.0758083289288,14.4,3478.6215689124942,25.183811904771257,1053.756074768855,7.855951739000005,0.1407354520000012,7.996687191000007,0.0,1,0
A_Core|base|trend+seasonal+shock|GW:True|BL:False|MARL:False,A_Core,base,trend+seasonal+shock,True,False,False,3033,787.1061700062571,0.8555327868852459,0.8,159.99853487562726,141.0,5095.773984163977,648.127708832815,14.1,3621.1949522391847,25.245153085723512,1162.0420122726468,9.980815522,0.1302302240000017,10.111045746000002,0.0,1,0
A_Core|base|trend+seasonal+shock|GW:True|BL:False|MARL:False,A_Core,base,trend+seasonal+shock,True,False,False,4044,772.8209037101208,0.8316183348924229,0.8,167.49228431532353,180.0,5694.87376771098,693.5018662261681,18.0,4180.597575272973,29.95342250171928,786.5193430991411,8.279752118000005,0.1445744090000005,8.424326527000005,0.0,1,0
A_Core|base|trend+seasonal+shock|GW:True|BL:False|MARL:False,A_Core,base,trend+seasonal+shock,True,False,False,5055,773.6288038586513,0.8204158790170132,0.8,170.11519811620104,190.0,5393.597665279159,692.9120482224421,19.0,3880.5127812480696,27.544031949992856,1371.4974159748776,9.84025380600002,0.1591607559999488,9.99941456199997,0.0,1,0
A_Core|base|trend+seasonal+shock|GW:True|BL:False|MARL:False,A_Core,base,trend+seasonal+shock,True,False,False,6066,712.1345622614795,0.8538713195201745,0.7666666666666667,167.12618257367353,134.0,4594.566775152378,651.0691285893956,13.400000000000002,3194.9540279238568,23.009056377647635,789.1515621408057,7.803975938000008,0.1116458829999942,7.915621821000002,0.0,1,0
A_Core|serial|trend+seasonal|GW:False|BL:False|MARL:False,A_Core,serial,trend+seasonal,False,False,False,42,1153.1315095596528,0.879507293977968,0.7333333333333333,48.70726618572881,115.43201236910676,4008.195351750899,139.04654914721738,11.543201236910678,2695.0345875851963,9.439504221921675,451.88553503829866,11.686357183999974,0.063308003999964,11.749665187999938,0.0,1,0
A_Core|serial|trend+seasonal|GW:False|BL:False|MARL:False,A_Core,serial,trend+seasonal,False,False,False,123,1041.4204320452986,0.8462229529781757,0.7666666666666667,70.79691508652095,149.77884379925683,3980.671731918252,180.7474521611657,14.977884379925683,2733.9576094079152,9.568353923946669,249.9339044599576,7.768467902999987,0.0740606319999983,7.842528534999985,0.0,1,0
A_Core|serial|trend+seasonal|GW:False|BL:False|MARL:False,A_Core,serial,trend+seasonal,False,False,False,456,1099.001287123779,0.8753228457394755,0.7666666666666667,58.36308977369649,117.57055646767466,3960.602748673826,155.3388498461477,11.75705564676747,2685.000424793447,9.505131263685415,351.9489636117738,8.104191127000036,0.0747158249999984,8.178906952000034,0.0,1,0
A_Core|serial|trend+seasonal|GW:False|BL:False|MARL:False,A_Core,serial,trend+seasonal,False,False,False,789,1010.993084057659,0.8515709642470206,0.8333333333333334,66.79173147922444,137.0,3853.3439264935337,169.51094682462676,13.7,2650.2132300944822,8.926665516766283,274.42714155971913,8.139180300000021,0.0754597989999865,8.214640099000007,0.0,1,0
A_Core|serial|trend+seasonal|GW:False|BL:False|MARL:False,A_Core,serial,trend+seasonal,False,False,False,1011,1057.1278091208203,0.8837923901389912,0.8,56.48865634868947,106.44617063268402,3919.9468617965495,151.11169954461062,10.644617063268402,2692.042081168406,9.020654899442857,317.3893340606555,8.355072648000032,0.0741005119999727,8.429173160000005,0.0,1,0
A_Core|serial|trend+seasonal|GW:False|BL:False|MARL:False,A_Core,serial,trend+seasonal,False,False,False,2022,1121.7789405466349,0.8903966597077244,0.8666666666666667,60.72554647708074,105.0,4126.654276849728,163.10182760495726,10.5,2821.495550223065,9.77795847507122,290.6136955543786,8.022940945999949,0.062551983999981,8.08549292999993,0.0,1,0
A_Core|serial|trend+seasonal|GW:False|BL:False|MARL:False,A_Core,serial,trend+seasonal,False,False,False,3033,1070.5823229070834,0.8765975227779399,0.8,59.12700118162192,114.3940963848497,3900.295671063667,158.28577814398645,11.439409638484973,2650.8622850162265,9.125875357885844,375.2202033387851,7.165438558999995,0.0631993549999947,7.228637913999989,0.0,1,0
A_Core|serial|trend+seasonal|GW:False|BL:False|MARL:False,A_Core,serial,trend+seasonal,False,False,False,4044,1088.42357807402,0.8313034785507708,0.7,56.666529171647824,171.73305883531538,4114.234768760222,152.18885260876547,17.17330588353154,2846.8334389502224,9.615593243682545,321.6500172020899,7.582287168999983,0.0631016799999883,7.645388848999971,0.0,1,0
A_Core|serial|trend+seasonal|GW:False|BL:False|MARL:False,A_Core,serial,trend+seasonal,False,False,False,5055,1032.719938817138,0.8152352968837341,0.7666666666666667,62.06787417163943,182.36276197575447,3967.9029502509993,161.71516591773437,18.23627619757545,2745.565889252137,9.665680066414314,327.6876733749786,8.148260155999992,0.084584355000004,8.232844510999996,0.0,1,0
A_Core|serial|trend+seasonal|GW:False|BL:False|MARL:False,A_Core,serial,trend+seasonal,False,False,False,6066,1054.276575424611,0.8319360102666765,0.7666666666666667,66.77411608842726,162.8540060515905,3848.989229170293,170.18531583853263,16.285400605159047,2598.9959628700585,9.245974431931694,234.7305502612752,7.75016913099995,0.0628605969999966,7.813029727999947,0.0,1,0
A_Core|serial|trend+seasonal|GW:True|BL:False|MARL:False,A_Core,serial,trend+seasonal,True,False,False,42,1044.553907499144,0.8961493582263711,0.9,57.42195124305647,89.0,3535.154324754394,153.57293331338397,8.9,2320.143807084476,7.983676857391154,293.7498707504014,7.749197036999988,0.0755728670000053,7.824769903999993,0.0,1,0
A_Core|serial|trend+seasonal|GW:True|BL:False|MARL:False,A_Core,serial,trend+seasonal,True,False,False,123,902.1232161929216,0.8616896054164285,0.8333333333333334,73.27834558128481,111.75479882352582,3381.2400460233566,179.44117587760928,11.175479882352583,2280.664946835077,7.835227235395871,213.59061528551865,8.600216475999957,0.0753230490000191,8.675539524999976,0.0,1,0
A_Core|serial|trend+seasonal|GW:True|BL:False|MARL:False,A_Core,serial,trend+seasonal,True,False,False,456,968.1957042225904,0.9225806451612903,0.8666666666666667,60.11273392489447,60.0,3351.1066340108646,156.37483289431435,6.0,2212.824762054528,7.711334839431663,209.908398191312,8.321844475000034,0.0756412759999989,8.397485751000033,0.0,1,0
A_Core|serial|trend+seasonal|GW:True|BL:False|MARL:False,A_Core,serial,trend+seasonal,True,False,False,789,934.1743483771749,0.885037438664959,0.8666666666666667,67.7831854821349,94.6141879787388,3491.613137794477,165.88272751789563,9.46141879787388,2374.083989418974,8.010653682558697,236.1207358999176,8.21784294500003,0.0628094529999998,8.28065239800003,0.0,1,0
A_Core|serial|trend+seasonal|GW:True|BL:False|MARL:False,A_Core,serial,trend+seasonal,True,False,False,1011,990.7213390748834,0.9355319796988922,0.8666666666666667,54.92474607015897,49.64037563185301,3350.84542414638,143.06343162667633,4.9640375631853,2204.6558396325822,7.440776249053949,283.629343203051,7.1509583280000015,0.0627811109999925,7.213739438999994,0.0,1,0
A_Core|serial|trend+seasonal|GW:True|BL:False|MARL:False,A_Core,serial,trend+seasonal,True,False,False,2022,925.4213490426432,0.8826530612244898,0.8666666666666667,65.35950041620147,92.0,3254.0031152793,163.97141132773882,9.2,2147.8533502102964,7.557004698619957,261.2054410496892,8.228399069000034,0.0627039290000084,8.291102998000042,0.0,1,0
A_Core|serial|trend+seasonal|GW:True|BL:False|MARL:False,A_Core,serial,trend+seasonal,True,False,False,3033,924.4973549784438,0.9022757697456492,0.8666666666666667,55.97006939784322,73.0,3094.911636673223,147.79137069053843,7.300000000000001,2008.340040864243,6.98287013999846,299.3290062897506,8.611713076000001,0.0727400470000247,8.684453123000026,0.0,1,0
A_Core|serial|trend+seasonal|GW:True|BL:False|MARL:False,A_Core,serial,trend+seasonal,True,False,False,4044,948.7271069231584,0.9007545744113354,0.8333333333333334,55.48274232506059,78.9001133429883,3473.7136402050896,148.34514562309295,7.890011334298832,2360.3741702572165,8.377206067323005,239.3804201932585,7.525986468000042,0.0630113770000093,7.588997845000051,0.0,1,0
A_Core|serial|trend+seasonal|GW:True|BL:False|MARL:False,A_Core,serial,trend+seasonal,True,False,False,5055,1001.3891000561152,0.8881376729098593,0.8666666666666667,61.34130833454679,94.4118040640788,3489.838225662432,154.15283808916536,9.44118040640788,2317.0730936443765,7.782013466367,294.9915836939935,7.157883394999999,0.0744253820000153,7.232308777000014,0.0,1,0
A_Core|serial|trend+seasonal|GW:True|BL:False|MARL:False,A_Core,serial,trend+seasonal,True,False,False,6066,935.4868569857084,0.8815103545010422,0.8333333333333334,63.792526013427405,92.77739242568398,3208.117221472924,156.05553920705003,9.2777392425684,2099.85345702361,7.443629013986377,196.2640320348134,8.407002714999976,0.0745869590000438,8.48158967400002,0.0,1,0
A_Core|serial|trend+seasonal+shock|GW:False|BL:False|MARL:False,A_Core,serial,trend+seasonal+shock,False,False,False,42,1392.5253151238703,0.7884974642676953,0.5333333333333333,38.59287456653692,292.93101198924217,5423.549989661144,132.59218103043278,29.29310119892422,3855.011056247836,14.1283360600818,132.79915221308167,8.148701144999961,0.0744242859999531,8.223125430999914,0.0,1,0
A_Core|serial|trend+seasonal+shock|GW:False|BL:False|MARL:False,A_Core,serial,trend+seasonal+shock,False,False,False,123,1492.5846786859888,0.8427564784921642,0.7333333333333333,44.891284789160814,220.29817363247795,5774.580451834841,151.94105282777954,22.0298173632478,4093.627552639337,14.397350318489112,91.98024979466923,8.05632738099996,0.0746429640000201,8.13097034499998,0.0,1,0
A_Core|serial|trend+seasonal+shock|GW:False|BL:False|MARL:False,A_Core,serial,trend+seasonal+shock,False,False,False,456,1397.5094111941698,0.8144327387347485,0.6666666666666666,41.67996509830538,255.1549842397209,5583.319542212705,140.87819139320263,25.51549842397209,4005.3270604055306,14.089380795830522,143.73571099328308,7.293973052000013,0.0729359320000071,7.36690898400002,0.0,1,0
A_Core|serial|trend+seasonal+shock|GW:False|BL:False|MARL:False,A_Core,serial,trend+seasonal+shock,False,False,False,789,1425.439142371128,0.8336238363422517,0.7,43.972751757114494,226.43795873819536,5609.549813882794,145.09712904826958,22.64379587381953,4002.4364803167687,13.933266272808993,93.3314088929924,7.586125778999985,0.0630188979999957,7.649144676999981,0.0,1,0
A_Core|serial|trend+seasonal+shock|GW:False|BL:False|MARL:False,A_Core,serial,trend+seasonal+shock,False,False,False,1011,1376.9721181012678,0.8156596511766433,0.6666666666666666,40.672809010320144,248.12210951623825,5389.328279139519,134.04509153473478,24.812210951623825,3839.980875251851,13.51798330004018,151.29656109292193,7.68594176900001,0.0630092730000342,7.748951042000044,0.0,1,0
A_Core|serial|trend+seasonal+shock|GW:False|BL:False|MARL:False,A_Core,serial,trend+seasonal+shock,False,False,False,2022,1474.8205431151928,0.8350567969486395,0.7666666666666667,43.01585765905695,228.9411658352884,5734.641448662245,145.56880889573773,22.894116583528834,4076.434778396266,14.923201671518749,114.8515600576122,7.951842764999981,0.0744614189999879,8.026304183999969,0.0,1,0
A_Core|serial|trend+seasonal+shock|GW:False|BL:False|MARL:False,A_Core,serial,trend+seasonal+shock,False,False,False,3033,1454.0780269357904,0.8387064415644562,0.6666666666666666,40.70997556141421,220.6495879398241,5576.617281022064,138.3147889095621,22.06495879398241,3948.3301632428975,13.829343139831272,104.28179665339776,8.888620508000031,0.0748672340000098,8.96348774200004,0.0,1,0
A_Core|serial|trend+seasonal+shock|GW:False|BL:False|MARL:False,A_Core,serial,trend+seasonal+shock,False,False,False,4044,1453.1622595520596,0.7799632568007674,0.5333333333333333,41.25317438905527,322.5738655300749,5616.061368034344,139.1881188637693,32.25738655300749,3976.920463280163,14.533139785345602,156.39139540475918,8.80981585699999,0.0745305370000437,8.884346394000033,0.0,1,0
A_Core|serial|trend+seasonal+shock|GW:False|BL:False|MARL:False,A_Core,serial,trend+seasonal+shock,False,False,False,5055,1473.4947814332522,0.8162748706665574,0.6666666666666666,41.68949268223872,261.2571339121556,5664.043273665711,138.90553231966507,26.12571339121556,4011.3263238410855,14.19092268049423,119.65547636479714,7.578046799999981,0.0642016750000493,7.642248475000031,0.0,1,0
A_Core|serial|trend+seasonal+shock|GW:False|BL:False|MARL:False,A_Core,serial,trend+seasonal+shock,False,False,False,6066,1492.4976298475635,0.8446154620120304,0.7,45.8022390044077,216.9168150312056,5771.071583138171,150.46467796983927,21.69168150312056,4092.037398757048,14.3801950605976,76.84994801199622,7.975532674999954,0.0635675689999288,8.039100243999883,0.0,1,0
A_Core|serial|trend+seasonal+shock|GW:True|BL:False|MARL:False,A_Core,serial,trend+seasonal+shock,True,False,False,42,1312.4294242905542,0.9025132989962824,0.8333333333333334,48.713562420410206,107.72280460910792,4815.439960717066,151.65984562838125,10.772280460910792,3328.890752300573,11.687658036648326,131.8095023867158,9.338481337999951,0.0672904430000471,9.405771781,0.0,1,0
A_Core|serial|trend+seasonal+shock|GW:True|BL:False|MARL:False,A_Core,serial,trend+seasonal+shock,True,False,False,123,1277.1127136576442,0.8955097449326079,0.8333333333333334,47.59975163956136,119.01440052175955,4992.186343795174,153.98694052035307,11.90144005217596,3536.918516993532,12.266732571469625,106.54714024435334,10.266545839999935,0.0730308480000303,10.339576687999966,0.0,1,0
A_Core|serial|trend+seasonal+shock|GW:True|BL:False|MARL:False,A_Core,serial,trend+seasonal+shock,True,False,False,456,1286.4337046666296,0.9126429658140216,0.8,42.16609273047124,91.37545775853354,4677.85147102472,136.0846822332505,9.137545775853352,3234.9087741060725,11.286764242911776,148.67246945572765,9.362690683999972,0.0599174400000492,9.42260812400002,0.0,1,0
A_Core|serial|trend+seasonal+shock|GW:True|BL:False|MARL:False,A_Core,serial,trend+seasonal+shock,True,False,False,789,1272.4977518599435,0.876068933301789,0.8333333333333334,50.8621349240105,138.92672576869447,4917.601293957325,155.1769902592398,13.892672576869446,3463.83941461606,12.194464645211328,144.0590692507368,8.861444357999972,0.060780306999959,8.92222466499993,0.0,1,0
A_Core|serial|trend+seasonal+shock|GW:True|BL:False|MARL:False,A_Core,serial,trend+seasonal+shock,True,False,False,1011,1286.137638054662,0.9226840506658872,0.8333333333333334,41.30274062999908,80.79516705414795,4713.805565322292,131.97483078391454,8.079516705414795,3276.1216521246715,11.491927653626975,155.54911707150725,6.927046810999968,0.0635507370000141,6.990597547999983,0.0,1,0
A_Core|serial|trend+seasonal+shock|GW:True|BL:False|MARL:False,A_Core,serial,trend+seasonal+shock,True,False,False,2022,1256.5924970019996,0.8922241902893895,0.8,50.92181787336364,115.75121962919565,4626.196831229272,153.1049092903512,11.575121962919566,3193.2532239056427,11.671079068359573,158.58821241777076,7.632878677000008,0.0745077099999207,7.707386386999929,0.0,1,0
A_Core|serial|trend+seasonal+shock|GW:True|BL:False|MARL:False,A_Core,serial,trend+seasonal+shock,True,False,False,3033,1204.2270208061975,0.9142772516247348,0.8,45.722523693018616,84.86552089151239,4388.068009227201,141.2795264312071,8.48655208915124,3023.670974832364,10.403935068281342,191.49925965029743,8.09460376200002,0.0747923589999572,8.169396120999977,0.0,1,0
A_Core|serial|trend+seasonal+shock|GW:True|BL:False|MARL:False,A_Core,serial,trend+seasonal+shock,True,False,False,4044,1187.8122863765416,0.8744564563407108,0.7,44.30480361039834,126.42234846490418,4280.609745180374,133.38587815268605,12.642234846490418,2936.4298378890785,10.339507915577911,237.08983861682927,8.829140541000015,0.0752077319999671,8.904348272999982,0.0,1,0
A_Core|serial|trend+seasonal+shock|GW:True|BL:False|MARL:False,A_Core,serial,trend+seasonal+shock,True,False,False,5055,1206.7675390461718,0.8623167963677194,0.7666666666666667,53.532064842367575,146.2195622574821,4479.606174470597,155.62751238891562,14.621956225748209,3091.77361150121,10.815555308549945,199.02090721937788,8.425236426999959,0.0741727050000236,8.499409131999982,0.0,1,0
A_Core|serial|trend+seasonal+shock|GW:True|BL:False|MARL:False,A_Core,serial,trend+seasonal+shock,True,False,False,6066,1294.8897762411566,0.8874538466872224,0.8333333333333334,43.6126130234186,126.16423786362375,4853.695219056556,140.18721323176246,12.616423786362375,3393.504543641529,12.497262155744814,72.73634274279723,8.185832183000002,0.063380023000036,8.249212206000038,0.0,1,0
B_PaperReplication|base|stationary|GW:False|BL:False|MARL:False,B_PaperReplication,base,stationary,False,False,False,42,662.8208553764855,1.0,1.0,122.24073476421476,0.0,3245.01877547404,465.94607456420505,0.0,2101.516440318408,14.735405214941554,2508.263901925059,13.258290219999935,0.1025616099999524,13.360851829999888,0.0,1,0
B_PaperReplication|base|stationary|GW:False|BL:False|MARL:False,B_PaperReplication,base,stationary,False,False,False,123,640.5283090640139,0.9834710743801652,0.9666666666666668,127.33051066507588,9.999999999999986,3186.8342873836923,480.6859817550964,0.9999999999999988,2050.138059416078,14.481937148504878,1148.9457356126954,6.45094131999997,0.1169859070000711,6.567927227000041,0.0,1,0
B_PaperReplication|base|stationary|GW:False|BL:False|MARL:False,B_PaperReplication,base,stationary,False,False,False,456,643.9099825051192,1.0,1.0,128.7894261962607,0.0,3157.2434278796227,486.24661442833246,0.0,2013.1628262039096,13.924004742260005,1238.9136673901664,8.045218006000027,0.1407818029999816,8.185999809000009,0.0,1,0
B_PaperReplication|base|stationary|GW:False|BL:False|MARL:False,B_PaperReplication,base,stationary,False,False,False,789,606.6094158294361,1.0,1.0,126.73489764279316,0.0,3061.1924611579934,469.0594796674177,0.0,1971.8926753236528,13.630890337489706,237.36126539918823,7.900489907000065,0.1322954890000574,8.032785396000122,0.0,1,0
B_PaperReplication|base|stationary|GW:False|BL:False|MARL:False,B_PaperReplication,base,stationary,False,False,False,1011,590.5981633672335,1.0,1.0,125.48022065448228,0.0,3175.278901036164,466.959144250269,0.0,2102.7835641243446,14.938029294319726,573.1889752186223,8.047857721000014,0.1298269079999272,8.177684628999941,0.0,1,0
B_PaperReplication|base|stationary|GW:False|BL:False|MARL:False,B_PaperReplication,base,stationary,False,False,False,2022,605.9479903116886,1.0,1.0,130.2270622960365,0.0,3291.7492746817024,493.1074216072152,0.0,2177.179610003605,15.514252759193338,392.00874534162256,8.034781555000109,0.1301776870000139,8.164959242000123,0.0,1,0
B_PaperReplication|base|stationary|GW:False|BL:False|MARL:False,B_PaperReplication,base,stationary,False,False,False,3033,615.335990954007,1.0,1.0,121.5959802821547,0.0,3143.7106163355675,460.7978116241695,0.0,2053.2102742066454,14.36653955074477,1459.982052738454,8.200649408000004,0.117833060999942,8.318482468999946,0.0,1,0
B_PaperReplication|base|stationary|GW:False|BL:False|MARL:False,B_PaperReplication,base,stationary,False,False,False,4044,678.6449385582591,0.9888,0.9666666666666668,121.90246162708264,7.0,3487.968774625707,473.7878042166023,0.7000000000000001,2318.4572070435584,16.378824807287668,1188.0390752178814,7.104185485000016,0.1170313479999549,7.221216832999971,0.0,1,0
B_PaperReplication|base|stationary|GW:False|BL:False|MARL:False,B_PaperReplication,base,stationary,False,False,False,5055,682.3062789927316,1.0,1.0,121.5122724634244,0.0,3489.3654686318664,469.83938223182105,0.0,2320.775049305252,16.444758102063673,541.2925462166016,7.292653163000068,0.1167878489999338,7.409441012000002,0.0,1,0
B_PaperReplication|base|stationary|GW:False|BL:False|MARL:False,B_PaperReplication,base,stationary,False,False,False,6066,654.1846961363583,1.0,1.0,127.12222792532351,0.0,3328.1014427515915,475.7194846225657,0.0,2183.097996783778,15.099265208888005,410.1945847837072,7.576261269999918,0.1165780439999935,7.692839313999912,0.0,1,0
B_PaperReplication|serial|stationary|GW:False|BL:False|MARL:False,B_PaperReplication,serial,stationary,False,False,False,42,816.8454510506498,1.0,1.0,47.11211585565539,0.0,2826.204067040018,129.83454300716951,0.0,1872.7350222406965,6.789050741502261,160.90233760250277,11.883782028999915,0.0738548870000386,11.957636915999956,0.0,1,0
B_PaperReplication|serial|stationary|GW:False|BL:False|MARL:False,B_PaperReplication,serial,stationary,False,False,False,123,826.9746032043392,0.9983471074380166,0.9666666666666668,48.57701917164769,1.0,2794.8074198434283,130.65526610016565,0.1,1830.659752511885,6.417798027037009,180.0496949842294,8.186454077999997,0.074520993999954,8.260975071999951,0.0,1,0
B_PaperReplication|serial|stationary|GW:False|BL:False|MARL:False,B_PaperReplication,serial,stationary,False,False,False,456,808.8064753535577,1.0,1.0,47.942833544623774,0.0,2757.913657845708,130.41217355642226,0.0,1812.284372713016,6.410636222710674,123.97215475045542,8.181734730000016,0.0631723110000166,8.244907041000033,0.0,1,0
B_PaperReplication|serial|stationary|GW:False|BL:False|MARL:False,B_PaperReplication,serial,stationary,False,False,False,789,782.6220528095706,1.0,1.0,49.70170217779959,0.0,2666.077682445936,130.49430569307154,0.0,1746.6694878355022,6.29183610779133,82.16068548810227,8.046202470000026,0.0627201970000896,8.108922667000115,0.0,1,0
B_PaperReplication|serial|stationary|GW:False|BL:False|MARL:False,B_PaperReplication,serial,stationary,False,False,False,1011,753.5899177689664,1.0,1.0,46.21308672285312,0.0,2697.992624864557,124.0390844584894,0.0,1813.9666395951533,6.396983041947621,114.56126522322069,7.221608396000079,0.062654842000029,7.284263238000108,0.0,1,0
B_PaperReplication|serial|stationary|GW:False|BL:False|MARL:False,B_PaperReplication,serial,stationary,False,False,False,2022,782.2638497815633,1.0,1.0,45.03948197652601,0.0,2818.2324736750315,123.67979281223803,0.0,1905.5232105552416,6.765620525987871,147.9514899609351,7.493043354999941,0.0719548700000132,7.564998224999954,0.0,1,0
B_PaperReplication|serial|stationary|GW:False|BL:False|MARL:False,B_PaperReplication,serial,stationary,False,False,False,3033,778.1639542742031,1.0,1.0,44.00658969566358,0.0,2716.2924597464385,122.27295010132056,0.0,1809.377198839652,6.478356531262448,122.9044165775203,7.154969681000011,0.0626116800000318,7.217581361000043,0.0,1,0
B_PaperReplication|serial|stationary|GW:False|BL:False|MARL:False,B_PaperReplication,serial,stationary,False,False,False,4044,859.2278912244453,1.0,1.0,44.28472663935208,0.0,2993.16333642916,126.2917149001426,0.0,2000.4970559148576,7.14667438971396,130.40009928028303,8.759141176999947,0.0750143860000207,8.834155562999968,0.0,1,0
B_PaperReplication|serial|stationary|GW:False|BL:False|MARL:False,B_PaperReplication,serial,stationary,False,False,False,5055,836.7266723627088,1.0,1.0,43.84840343580006,0.0,2935.496886119091,123.70930989362644,0.0,1968.287539445177,6.773364417579432,133.4224533481099,8.132005247000052,0.0736319970000067,8.205637244000059,0.0,1,0
B_PaperReplication|serial|stationary|GW:False|BL:False|MARL:False,B_PaperReplication,serial,stationary,False,False,False,6066,834.9595292974332,1.0,1.0,43.97330586621854,0.0,2785.862847497864,121.51263789332259,0.0,1823.0149123403983,6.37576796671077,102.66098421697133,8.043652991000044,0.07393074600008731,8.117583737000132,0.0,1,0
