ScenarioKey,Block,Network,Demand,Goodwill,Backlog,MARL,Seed,Profit,FillRate,ServiceLevel,AvgInv,Unfulfilled,Revenue,HoldingCost,BacklogPenalty,ProcurementCost,OperatingCost,FixedOrderingCost,BullwhipRatio,PlanTime,ReplayTime,Latency
A_Core|base|trend+seasonal|GW:False|BL:True|MARL:False,A_Core,base,trend+seasonal,False,True,False,42,243.0812740385533,0.593077118561014,0.1,111.99535493718253,5513.145841598511,2655.5196702182293,327.76208892107013,551.3145841598512,1520.757871121168,12.603851977586746,0.0,36.24518215170861,16.627498867000003,0.2395026780000009,16.867001545000004
A_Core|base|trend+seasonal|GW:False|BL:True|MARL:False,A_Core,base,trend+seasonal,False,True,False,123,252.575033956766,0.5920492336000994,0.1,112.26924779017766,5605.949095010757,2677.300793200732,326.44376011133164,560.5949095010757,1525.3979978859425,12.289091745615009,0.0,17.926183201249195,0.1097066899999958,0.1813283600000019,0.2910350499999978
A_Core|base|trend+seasonal|GW:False|BL:True|MARL:False,A_Core,base,trend+seasonal,False,True,False,456,243.9536517989636,0.5903681155100607,0.1,114.22638684776096,5259.576215624809,2585.0132346749306,330.6895244902372,525.9576215624809,1472.811528623104,11.600908200144769,0.0,21.801311129755177,0.0860306950000051,0.1874535659999949,0.2734842610000001
A_Core|base|trend+seasonal|GW:False|BL:True|MARL:False,A_Core,base,trend+seasonal,False,True,False,789,523.8926816505193,0.7212636620613503,0.1333333333333333,111.88075775835247,4663.782851934433,2960.0918493270874,328.23498196363414,466.3782851934434,1630.2121367156506,11.373763803839685,0.0,14.498378509215511,0.0706398180000036,0.1703652670000011,0.2410050850000047
A_Core|base|trend+seasonal|GW:False|BL:True|MARL:False,A_Core,base,trend+seasonal,False,True,False,1011,351.7545002996921,0.6077290485779792,0.1333333333333333,113.71851669152578,4179.779892325401,2588.117076575756,330.81031629681576,417.97798923254015,1475.9250757992268,11.649194947481156,0.0,28.083738082809003,0.0911381560000066,0.2144902269999988,0.3056283830000055
A_Core|base|trend+seasonal|GW:False|BL:True|MARL:False,A_Core,base,trend+seasonal,False,True,False,2022,330.2237675499916,0.6217434778342914,0.1333333333333333,109.7651903020011,5235.244672298431,2764.132163643837,323.401750804186,523.5244672298431,1574.2945144474506,12.68766361236572,0.0,22.818378099046768,0.1024010900000007,0.2007431239999988,0.3031442139999996
A_Core|base|trend+seasonal|GW:False|BL:True|MARL:False,A_Core,base,trend+seasonal,False,True,False,3033,291.06060418128965,0.613045576063689,0.1,112.05919866164524,5032.458297014236,2655.7973538041115,328.10294213593016,503.2458297014237,1520.7857434153557,12.602234370112416,0.0,38.72622348521794,0.0791181370000018,0.1808242540000009,0.2599423910000027
A_Core|base|trend+seasonal|GW:False|BL:True|MARL:False,A_Core,base,trend+seasonal,False,True,False,4044,192.7886127305032,0.5635015645992076,0.1,111.92895374894142,6146.303182840347,2673.437197476625,326.05068020641806,614.6303182840347,1527.5781094431877,12.38947681248188,0.0,22.15271936068452,0.0842952759999988,0.1707633829999935,0.2550586589999923
A_Core|base|trend+seasonal|GW:False|BL:True|MARL:False,A_Core,base,trend+seasonal,False,True,False,5055,475.1326816505193,0.6744947923836133,0.1333333333333333,111.83631331390804,5153.782851934433,2960.0918493270874,327.99498196363413,515.3782851934434,1630.2121367156506,11.373763803839685,0.0,14.649190299951591,0.0707722439999969,0.2005708940000019,0.2713431379999989
A_Core|base|trend+seasonal|GW:False|BL:True|MARL:False,A_Core,base,trend+seasonal,False,True,False,6066,248.66530616760247,0.5884507793637129,0.1,112.8311842163404,5496.616443991661,2651.074002802372,328.22371178329024,549.6616443991661,1512.2165923118591,12.306748140454292,0.0,17.66900918323461,0.079359397999994,0.1801202279999998,0.2594796259999938
A_Core|base|trend+seasonal|GW:False|BL:False|MARL:False,A_Core,base,trend+seasonal,False,False,False,42,771.7961024099588,0.6038146713332493,0.2666666666666666,116.1908702592055,379.5455448627472,2677.4832061231136,334.0153178340192,37.95455448627472,1522.3983360528946,11.31889533996582,0.0,28.47339833733097,0.0752012029999988,0.1461320390000011,0.221333242
A_Core|base|trend+seasonal|GW:False|BL:False|MARL:False,A_Core,base,trend+seasonal,False,False,False,123,769.414093658924,0.5958189917785676,0.3333333333333333,119.12489951252935,393.6723020076752,2632.1001331806183,338.48442903697503,39.36723020076752,1473.7883371412754,11.046043142676355,0.0,14.129416099277016,0.0629129419999969,0.1458904639999971,0.2088034059999941
A_Core|base|trend+seasonal|GW:False|BL:False|MARL:False,A_Core,base,trend+seasonal,False,False,False,456,688.1502070778608,0.5693665358572724,0.1666666666666666,109.01519341667492,406.0873566865921,2735.619457781315,328.3960987776519,40.608735668659214,1664.9451206624508,13.51929559469223,0.0,34.311633470021725,0.0678731470000002,0.1474872450000006,0.2153603920000009
A_Core|base|trend+seasonal|GW:False|BL:False|MARL:False,A_Core,base,trend+seasonal,False,False,False,789,779.7518726682664,0.6303792810905019,0.3666666666666666,117.23564633991984,341.1599235534668,2656.846403747797,336.2552846240999,34.11599235534668,1495.3449063897133,11.378347710371017,0.0,16.75069871170173,0.0670516790000022,0.1379111050000006,0.2049627840000027
A_Core|base|trend+seasonal|GW:False|BL:False|MARL:False,A_Core,base,trend+seasonal,False,False,False,1011,748.9839251613616,0.6189456211167131,0.3333333333333333,115.91403038832875,349.0458110570908,2594.369409799576,336.607882477641,34.90458110570908,1462.471655458212,11.40136559665203,0.0,30.584330410174395,0.0683625190000043,0.1419231719999985,0.2102856910000028
A_Core|base|trend+seasonal|GW:False|BL:False|MARL:False,A_Core,base,trend+seasonal,False,False,False,2022,699.054495022893,0.5644543490728406,0.2666666666666666,107.16633382307158,417.2527335882187,2748.601460278034,325.27675410330306,41.725273358821866,1668.8620301783085,13.682907614707949,0.0,28.151361675557613,0.6454370929999982,0.1414178260000014,0.7868549189999996
A_Core|base|trend+seasonal|GW:False|BL:False|MARL:False,A_Core,base,trend+seasonal,False,False,False,3033,725.415050520301,0.5945697307843864,0.1333333333333333,107.37705908417702,375.8338595628738,2763.583935916424,324.8144961720704,37.58338595628738,1662.1522343754768,13.618768892288209,0.0,43.05256084193505,0.0674381800000034,0.143814245999998,0.2112524260000015
A_Core|base|trend+seasonal|GW:False|BL:False|MARL:False,A_Core,base,trend+seasonal,False,False,False,4044,661.9566661477089,0.518800589916514,0.2,114.16449168721834,489.8609994649887,2527.9249360859394,331.40911149024964,48.98609994649888,1473.4767235517502,12.096334949731826,0.0,17.838240760686684,0.0691143390000021,0.1475001089999992,0.2166144480000014
A_Core|base|trend+seasonal|GW:False|BL:False|MARL:False,A_Core,base,trend+seasonal,False,False,False,5055,795.5662021875381,0.5980157888406679,0.2666666666666666,113.37395711077583,396.75841641426086,2719.7035407722,331.6174102568629,39.67584164142609,1540.8639049232006,11.98018176317215,0.0,19.569043225304416,0.0661695579999985,0.143076065999999,0.2092456239999975
A_Core|base|trend+seasonal|GW:False|BL:False|MARL:False,A_Core,base,trend+seasonal,False,False,False,6066,781.6859884840251,0.6043104865848711,0.2333333333333333,120.17230650981269,383.42313849926,2627.508040189743,338.76972133934464,38.34231384992599,1458.157589673996,10.552426842451096,0.0,12.248283921874243,0.0640300709999976,0.1502513290000067,0.2142814000000044
A_Core|base|trend+seasonal|GW:True|BL:True|MARL:False,A_Core,base,trend+seasonal,True,True,False,42,497.1418906784058,1.0,0.5333333333333333,118.35331988599566,469.5089753866196,2555.1215774714947,356.3763517791031,46.95089753866197,1641.6215335130692,13.030903962254524,0.0,17.71932152464337,0.0655708060000037,0.1428720480000009,0.2084428540000047
A_Core|base|trend+seasonal|GW:True|BL:True|MARL:False,A_Core,base,trend+seasonal,True,True,False,123,531.4327106261253,1.0,0.5333333333333333,121.03573999272452,637.8287255764008,2434.792657673359,356.7274635553359,63.78287255764008,1471.0552035570145,11.794407377243038,0.0,15.52787260798942,0.0625014159999963,0.1397281240000012,0.2022295399999976
A_Core|base|trend+seasonal|GW:True|BL:True|MARL:False,A_Core,base,trend+seasonal,True,True,False,456,502.0765026897191,1.0,0.5333333333333333,122.03577746682696,335.6166055202484,2404.103481411934,361.9514611893894,33.56166055202485,1494.444852977991,12.069004002809525,0.0,15.831839561463337,0.0636158879999939,0.1381552630000015,0.2017711509999955
A_Core|base|trend+seasonal|GW:True|BL:True|MARL:False,A_Core,base,trend+seasonal,True,True,False,789,530.0514126610757,1.0,0.5333333333333333,125.1302186568578,590.2325625419617,2423.949960410595,357.83606341004383,59.02325625419617,1464.974958449602,12.06426963567734,0.0,10.875140347640627,0.0738818000000023,0.1549036720000032,0.2287854720000055
A_Core|base|trend+seasonal|GW:True|BL:True|MARL:False,A_Core,base,trend+seasonal,True,True,False,1011,599.0996080839634,1.0,0.5666666666666667,109.72311308383942,242.8211249113083,2716.253879189492,341.1142935395243,24.282112491130828,1738.0603491961956,13.697515878677368,0.0,38.592728858938656,0.0895711309999995,0.1573936469999992,0.2469647779999988
A_Core|base|trend+seasonal|GW:True|BL:True|MARL:False,A_Core,base,trend+seasonal,True,True,False,2022,543.3178247803451,1.0,0.5333333333333333,120.215132674906,716.033563375473,2443.236987382173,353.3683360308409,71.60335633754731,1463.1060136854649,11.84145654797554,0.0,11.355775907926668,0.0676048139999991,0.1385276210000015,0.2061324350000006
A_Core|base|trend+seasonal|GW:True|BL:True|MARL:False,A_Core,base,trend+seasonal,True,True,False,3033,520.7172983044386,1.0,0.6,112.97094130516052,338.8545538187027,2635.746468216181,352.69556266069435,33.88545538187027,1714.612671136856,13.835480732321738,0.0,29.97685756470654,0.0719198059999968,0.1357922469999977,0.2077120529999945
A_Core|base|trend+seasonal|GW:True|BL:True|MARL:False,A_Core,base,trend+seasonal,True,True,False,4044,497.7742569983005,1.0,0.5,125.59556419319576,548.9372025728226,2405.9772078096867,359.1523997187612,54.89372025728227,1482.0602111816406,12.096619653701785,0.0,14.379123046899148,0.0638988979999979,0.135035865000006,0.198934763000004
A_Core|base|trend+seasonal|GW:True|BL:True|MARL:False,A_Core,base,trend+seasonal,True,True,False,5055,552.256742669344,1.0,0.5333333333333333,118.34114980300268,639.2557517290115,2446.0156139433384,349.27315147936355,63.92557517290116,1468.507045418024,12.053099203705788,0.0,16.445976922229743,0.0611417880000004,0.135422186999996,0.1965639749999965
A_Core|base|trend+seasonal|GW:True|BL:True|MARL:False,A_Core,base,trend+seasonal,True,True,False,6066,505.7812063020468,1.0,0.5333333333333333,119.01597189439669,449.6615980863571,2585.011652678252,357.3042617189888,44.96615980863572,1663.9500404894352,13.009984359145164,0.0,13.455654438856657,0.0613845170000004,0.1384541010000006,0.1998386180000011
A_Core|base|trend+seasonal|GW:True|BL:False|MARL:False,A_Core,base,trend+seasonal,True,False,False,42,625.7326048123837,0.8416036918383687,0.7333333333333333,111.7084590812524,94.24580335617064,2724.2259402275085,352.2303933298588,9.424580335617067,1723.2656182944777,13.572743455171585,0.0,41.31533091313689,0.0617111119999975,0.1385865600000002,0.2002976719999978
A_Core|base|trend+seasonal|GW:True|BL:False|MARL:False,A_Core,base,trend+seasonal,True,False,False,123,620.6053294813632,0.8179009328269647,0.7333333333333333,112.13540237810876,111.62672817707062,2720.491864979267,356.6881407785415,11.162672817707064,1718.3983186781406,13.637403223514555,0.0,30.56794805455649,0.0625253819999969,0.1379233860000042,0.2004487680000011
A_Core|base|trend+seasonal|GW:True|BL:False|MARL:False,A_Core,base,trend+seasonal,True,False,False,456,697.7822924810648,0.8386375283670126,0.7666666666666667,109.56674234933324,102.62653195858002,2788.720445543528,344.18151503860975,10.262653195858002,1722.825598448515,13.668386379480362,0.0,35.73198031513778,0.0616234940000026,0.1362883799999963,0.197911873999999
A_Core|base|trend+seasonal|GW:True|BL:False|MARL:False,A_Core,base,trend+seasonal,True,False,False,789,474.47771271646025,0.810930258512941,0.6666666666666666,115.80428490903644,101.53045117855072,2579.664453625679,371.3902379727365,10.153045117855074,1710.1503250598907,13.493132758736609,0.0,32.73630581441701,0.0609547070000004,0.1368853940000036,0.1978401010000041
A_Core|base|trend+seasonal|GW:True|BL:False|MARL:False,A_Core,base,trend+seasonal,True,False,False,1011,632.6636993032694,0.8601040209637207,0.7333333333333333,111.61916420327292,82.25883567333221,2741.7815156280994,355.876722375751,8.225883567333222,1731.3558212220669,13.659389159679412,0.0,51.89116544301328,0.0636568219999986,0.1358194770000054,0.199476299000004
A_Core|base|trend+seasonal|GW:True|BL:False|MARL:False,A_Core,base,trend+seasonal,True,False,False,2022,593.8635402977467,0.8478632478632478,0.7,123.3620168964068,89.0,2536.471316665411,373.53124860823146,8.900000000000002,1548.0029300749302,12.173597684502605,0.0,10.69943515242152,0.0611545160000019,0.15158366,0.212738176000002
A_Core|base|trend+seasonal|GW:True|BL:False|MARL:False,A_Core,base,trend+seasonal,True,False,False,3033,636.3937980818748,0.8719291099186601,0.7333333333333333,111.78022756708992,74.28111624717712,2728.072331398725,353.0422778999803,7.428111624717713,1717.7009680867195,13.507175705432893,0.0,39.725911233046666,0.0613945200000003,0.1704721030000016,0.2318666230000019
A_Core|base|trend+seasonal|GW:True|BL:False|MARL:False,A_Core,base,trend+seasonal,True,False,False,4044,577.7655609154701,0.8139070522563309,0.7,112.78238572676976,109.98093211650848,2686.260605514049,358.7298627257346,10.998093211650849,1725.1763906776905,13.590697983503343,0.0,42.352214482911165,0.0712484880000019,0.1527962979999984,0.2240447860000003
A_Core|base|trend+seasonal|GW:True|BL:False|MARL:False,A_Core,base,trend+seasonal,True,False,False,5055,553.433179243803,0.8485401459854015,0.6666666666666666,111.32750102745162,83.0,2666.15747627616,353.3846444875005,8.3,1737.1616798639295,13.877972680926325,0.0,31.55758698947917,0.072547231999998,0.1385245230000009,0.2110717549999989
A_Core|base|trend+seasonal|GW:True|BL:False|MARL:False,A_Core,base,trend+seasonal,True,False,False,6066,483.8974253278972,0.8463533774826878,0.6666666666666666,113.8110357383887,79.2816572189331,2612.4591765403748,366.80104865252935,7.928165721893311,1740.0410413742063,13.791495463848117,0.0,29.57805509046476,0.068420341999996,0.1609758569999968,0.2293961989999928
A_Core|base|trend+seasonal+shock|GW:False|BL:True|MARL:False,A_Core,base,trend+seasonal+shock,False,True,False,42,-86.78775151073938,0.4103126310699683,0.1,114.2387722995546,8800.56315267086,2621.9628276228905,329.67081710696203,880.056315267086,1486.959510833025,12.063935926556583,0.0,10.263947551578658,0.0633847969999976,0.1429243619999951,0.2063091589999928
A_Core|base|trend+seasonal+shock|GW:False|BL:True|MARL:False,A_Core,base,trend+seasonal+shock,False,True,False,123,-70.30182301998155,0.4115829945972015,0.1,113.0023027492894,8825.992977976799,2666.3797855079174,327.32250992000087,882.5992977976799,1514.5932576358318,12.166543174386025,0.0,7.217204650327496,0.0737492000000017,0.1703852159999996,0.2441344160000014
A_Core|base|trend+seasonal+shock|GW:False|BL:True|MARL:False,A_Core,base,trend+seasonal+shock,False,True,False,456,158.34450623095034,0.4840936049548062,0.1,114.46070597171784,8293.56856405735,2934.670461833477,330.6250384771824,829.356856405735,1605.3936505317688,10.950410187840465,0.0,6.540883871671255,0.0733022029999972,0.153603352999994,0.2269055559999913
A_Core|base|trend+seasonal+shock|GW:False|BL:True|MARL:False,A_Core,base,trend+seasonal+shock,False,True,False,789,192.17741517782213,0.4869088471417563,0.1333333333333333,113.95662165284156,7892.286175489426,2931.1898397505283,330.7400729221107,789.2286175489426,1607.9098335206509,11.133900581002235,0.0,5.686996417764027,0.0723607440000009,0.158895723999997,0.231256467999998
A_Core|base|trend+seasonal+shock|GW:False|BL:True|MARL:False,A_Core,base,trend+seasonal+shock,False,True,False,1011,280.10306361258023,0.4978594480616554,0.1333333333333333,113.36857047743268,7171.056552410126,2961.326973795891,329.7298784160616,717.1056552410126,1623.2537333369255,11.134643189311028,0.0,5.893884308979184,0.070256233000002,0.1601379000000022,0.2303941330000043
A_Core|base|trend+seasonal+shock|GW:False|BL:True|MARL:False,A_Core,base,trend+seasonal+shock,False,True,False,2022,-6.968313072919898,0.4258566652491731,0.1333333333333333,110.32971663806174,8509.536331057549,2743.00207477808,324.08928396225014,850.9536331057548,1562.3251494765282,12.602321306467056,0.0,6.843376911814764,0.0747906060000005,0.1490190069999997,0.2238096130000002
A_Core|base|trend+seasonal+shock|GW:False|BL:True|MARL:False,A_Core,base,trend+seasonal+shock,False,True,False,3033,-45.508783060908286,0.4154971790941138,0.1,114.29651692907017,8386.644639134407,2622.3701535463333,330.01778552293763,838.6644639134406,1487.132016211748,12.064670959115029,0.0,8.740121697606304,0.0808960239999976,0.1791654840000021,0.2600615079999997
A_Core|base|trend+seasonal+shock|GW:False|BL:True|MARL:False,A_Core,base,trend+seasonal+shock,False,True,False,4044,-149.8942459005118,0.3901771698934807,0.1,112.61103766361872,9532.574892640114,2657.678412616253,326.838862566352,953.2574892640116,1515.1919303834438,12.284376302957536,0.0,6.507574814243801,0.0725583420000006,0.1786130760000048,0.2511714180000055
A_Core|base|trend+seasonal+shock|GW:False|BL:True|MARL:False,A_Core,base,trend+seasonal+shock,False,True,False,5055,130.21741517782206,0.4660217587622576,0.1333333333333333,113.91217720839713,8514.286175489426,2931.1898397505283,330.5000729221107,851.4286175489427,1607.9098335206509,11.133900581002235,0.0,5.371359073231634,0.0761743760000044,0.1560244019999999,0.2321987780000043
A_Core|base|trend+seasonal+shock|GW:False|BL:True|MARL:False,A_Core,base,trend+seasonal+shock,False,True,False,6066,-77.76826236367236,0.4077471980563549,0.1,113.57240569061705,8734.198390960693,2635.701114654541,329.0251402503255,873.4198390960695,1498.8504723906517,12.17392528116703,0.0,6.675374121598317,0.0668227469999962,0.1513108050000013,0.2181335519999976
A_Core|base|trend+seasonal+shock|GW:False|BL:False|MARL:False,A_Core,base,trend+seasonal+shock,False,False,False,42,811.229693107009,0.4452283218879562,0.1333333333333333,114.94931696719594,768.3587741851807,2774.773082047701,331.73675946056846,76.83587741851807,1543.805206000805,11.165546060800551,0.0,9.174571869580625,0.0729449439999996,0.1435631209999996,0.2165080649999993
A_Core|base|trend+seasonal+shock|GW:False|BL:False|MARL:False,A_Core,base,trend+seasonal+shock,False,False,False,123,898.9614145642518,0.4706585747611939,0.1333333333333333,114.465251786179,741.6073367595673,2926.4172879457474,331.9918061327935,74.16073367595672,1610.191760390997,11.11157318174839,0.0,6.385504884909997,0.0704506029999976,0.1573954989999961,0.2278461019999937
A_Core|base|trend+seasonal+shock|GW:False|BL:False|MARL:False,A_Core,base,trend+seasonal+shock,False,False,False,456,640.3783447808028,0.3897669462724165,0.1,112.12700392074056,839.0704488754272,2642.7368874549866,331.4737763392927,83.90704488754272,1574.0740219950676,12.903699452281002,0.0,11.600695166203572,0.0697494399999953,0.1485698339999999,0.2183192739999953
A_Core|base|trend+seasonal+shock|GW:False|BL:False|MARL:False,A_Core,base,trend+seasonal+shock,False,False,False,789,930.58165663898,0.4936642453216788,0.1666666666666666,113.5215218252606,689.1229621171951,2969.489563018084,330.75843070805075,68.91229621171952,1628.0508324205875,11.18634703874588,0.0,6.4332725065662935,0.077763425999997,0.1374952840000034,0.2152587100000005
A_Core|base|trend+seasonal+shock|GW:False|BL:False|MARL:False,A_Core,base,trend+seasonal+shock,False,False,False,1011,996.3398113298416,0.5227229986644252,0.1666666666666666,113.17769333190388,642.4148437976837,3081.3557534515858,331.83541585207,64.24148437976835,1677.7842790782452,11.154762811660769,0.0,6.8396376205031935,0.059505866000002,0.1421202860000008,0.2016261520000029
A_Core|base|trend+seasonal+shock|GW:False|BL:False|MARL:False,A_Core,base,trend+seasonal+shock,False,False,False,2022,667.4364636981487,0.3953721509543207,0.1666666666666666,111.72364246050516,839.2234544754028,2660.108835965395,330.4350808322431,83.92234544754028,1565.519070804119,12.795875183343886,0.0,7.96506496522631,0.0637179010000039,0.1440857460000018,0.2078036470000057
A_Core|base|trend+seasonal+shock|GW:False|BL:False|MARL:False,A_Core,base,trend+seasonal+shock,False,False,False,3033,677.6923954224587,0.4028992254657355,0.1,110.47753312256602,816.8338595628738,2702.1163855195045,328.2031637805703,81.68338595628738,1601.500299423933,13.037140936255456,0.0,10.11878284702384,0.0765810330000036,0.1658688850000018,0.2424499180000054
A_Core|base|trend+seasonal+shock|GW:False|BL:False|MARL:False,A_Core,base,trend+seasonal+shock,False,False,False,4044,625.6944914329051,0.3641549224417661,0.1,117.80184619824092,932.1488837003708,2509.654919028282,334.4723548060656,93.21488837003706,1444.6494179666042,11.623766452670097,0.0,6.261399829345869,0.0626054569999965,0.1398731140000038,0.2024785710000003
A_Core|base|trend+seasonal+shock|GW:False|BL:False|MARL:False,A_Core,base,trend+seasonal+shock,False,False,False,5055,933.3230260103942,0.4756741420629155,0.1333333333333333,114.08419858084784,745.5913699865341,2976.974496752024,331.3469964492323,74.55913699865341,1626.6547472774982,11.090590016245844,0.0,5.9683529642503945,0.0602004270000051,0.1353828299999975,0.1955832570000026
A_Core|base|trend+seasonal+shock|GW:False|BL:False|MARL:False,A_Core,base,trend+seasonal+shock,False,False,False,6066,910.815907614231,0.4762844036848292,0.1,114.54668632944426,731.1069724559784,2941.3493459522724,332.29277582168584,73.11069724559783,1614.0507931113243,11.079172159433366,0.0,5.569923430246361,0.0621641549999978,0.1336490790000013,0.1958132339999991
A_Core|base|trend+seasonal+shock|GW:True|BL:True|MARL:False,A_Core,base,trend+seasonal+shock,True,True,False,42,664.8080221998691,1.0,0.4666666666666667,120.84409386846754,496.3699768781662,2468.007083594799,346.3256017392872,49.63699768781663,1395.890663653612,11.34579831421375,0.0,27.13829417627836,0.0630619909999978,0.1299169970000022,0.1929789880000001
A_Core|base|trend+seasonal+shock|GW:True|BL:True|MARL:False,A_Core,base,trend+seasonal+shock,True,True,False,123,621.7379741680621,0.94758753733592,0.4,119.32576215797,737.1130219697952,2445.3201180398464,343.30134377896815,73.71130219697953,1394.9778226912022,11.591675204634663,0.0,20.89000014960687,0.0566001310000032,0.1361155259999975,0.1927156570000008
A_Core|base|trend+seasonal+shock|GW:True|BL:True|MARL:False,A_Core,base,trend+seasonal+shock,True,True,False,456,681.5383532100915,1.0,0.5,120.60652530590691,374.3846328258514,2494.7487628161907,347.0481695741416,37.43846328258514,1417.258618146181,11.465158603191377,0.0,27.46491975297722,0.0597558199999994,0.1339219500000013,0.1936777700000007
A_Core|base|trend+seasonal+shock|GW:True|BL:True|MARL:False,A_Core,base,trend+seasonal+shock,True,True,False,789,670.0505498200655,0.9532470774107764,0.4333333333333333,115.6628517607848,677.1450383663177,2559.948354244232,337.6056975901125,67.71450383663178,1472.8313064575195,11.746296539902689,0.0,23.16011598451578,0.0606479839999991,0.1463446159999932,0.2069925999999924
A_Core|base|trend+seasonal+shock|GW:True|BL:True|MARL:False,A_Core,base,trend+seasonal+shock,True,True,False,1011,687.8075194883347,0.949723300059216,0.1666666666666666,108.69897126224306,466.5527000427246,2763.8033231794834,327.6400922870638,46.65527000427246,1688.3939637839794,13.30647761583328,0.0,46.98930383982903,0.0725205690000052,0.1508905290000015,0.2234110980000068
A_Core|base|trend+seasonal+shock|GW:True|BL:True|MARL:False,A_Core,base,trend+seasonal+shock,True,True,False,2022,649.6855549532175,0.9374147479177136,0.2666666666666666,114.873290856017,904.5698474645616,2547.391978919506,335.2697260862591,90.45698474645616,1460.1487468481064,11.830966285467149,0.0,20.66556864868281,0.0688360080000052,0.1437446970000024,0.2125807050000077
A_Core|base|trend+seasonal+shock|GW:True|BL:True|MARL:False,A_Core,base,trend+seasonal+shock,True,True,False,3033,682.7732392448188,0.9930522059081892,0.5,120.47970653706126,354.27926111221313,2518.608656793833,350.17132408082546,35.42792611122131,1438.4626620411873,11.77350531578064,0.0,29.32111934692909,0.059036915,0.1381446150000016,0.1971815300000017
A_Core|base|trend+seasonal+shock|GW:True|BL:True|MARL:False,A_Core,base,trend+seasonal+shock,True,True,False,4044,606.8399477553368,0.946182308381774,0.3,115.54255127244524,691.2257206439972,2443.286057084799,336.07646520257,69.12257206439972,1419.3451999723911,11.901872090101245,0.0,29.972244061495445,0.0628892309999997,0.1369260339999982,0.199815264999998
A_Core|base|trend+seasonal+shock|GW:True|BL:True|MARL:False,A_Core,base,trend+seasonal+shock,True,True,False,5055,645.7545938467979,0.9325397664287924,0.2333333333333333,114.33668016791344,851.6592470407486,2529.979948222637,333.5633644568924,85.16592470407487,1453.6195670068264,11.876498208045955,0.0,28.58922031156148,0.0589041209999976,0.1705658330000048,0.2294699540000024
A_Core|base|trend+seasonal+shock|GW:True|BL:True|MARL:False,A_Core,base,trend+seasonal+shock,True,True,False,6066,663.2639437431096,0.9639652278640828,0.4333333333333333,121.70664238466156,517.6374981403351,2478.291936188936,348.9796448320149,51.7637498140335,1402.9758148789406,11.308782920837402,0.0,20.24179710061515,0.0673191659999972,0.1378050919999935,0.2051242579999908
A_Core|base|trend+seasonal+shock|GW:True|BL:False|MARL:False,A_Core,base,trend+seasonal+shock,True,False,False,42,786.6818261444569,0.7875293280104332,0.5333333333333333,110.7922045164638,154.4661785364151,2815.164665699005,329.0435913288592,15.44661785364151,1671.170841962099,12.82178840994835,0.0,65.82798332808233,0.0641583199999971,0.1450281189999955,0.2091864389999926
A_Core|base|trend+seasonal+shock|GW:True|BL:False|MARL:False,A_Core,base,trend+seasonal+shock,True,False,False,123,777.9932585382461,0.7473452948522693,0.5333333333333333,109.72525191704432,192.5228853225708,2785.4486432671547,328.25612968564,19.252288532257083,1646.9613240361214,12.985642474889753,0.0,65.26563813758314,0.0682878649999949,0.146119990999999,0.214407855999994
A_Core|base|trend+seasonal+shock|GW:True|BL:False|MARL:False,A_Core,base,trend+seasonal+shock,True,False,False,456,799.5961274987459,0.8064777148799311,0.5,112.273512673378,138.9490007162094,2720.7460492551327,330.44579188704506,13.89490007162094,1564.2733876407146,12.535842157006265,0.0,31.76573541657424,0.0665987900000004,0.1566529230000028,0.2232517130000033
A_Core|base|trend+seasonal+shock|GW:True|BL:False|MARL:False,A_Core,base,trend+seasonal+shock,True,False,False,789,723.3247382879257,0.8122998264414318,0.6,115.9179386238257,126.88531732559204,2706.862687587738,348.97556140065217,12.688531732559207,1609.3730785548687,12.50077761173248,0.0,33.16584936776738,0.0648193120000044,0.1491687540000015,0.2139880660000059
A_Core|base|trend+seasonal+shock|GW:True|BL:False|MARL:False,A_Core,base,trend+seasonal+shock,True,False,False,1011,773.027907347679,0.7839445613365805,0.5,113.13651309410731,156.42413759231567,2668.2140215039253,332.83407313525686,15.64241375923157,1534.1467154622078,12.562911799550058,0.0,68.82526782521342,0.0578470939999959,0.1629433389999945,0.2207904329999905
A_Core|base|trend+seasonal+shock|GW:True|BL:False|MARL:False,A_Core,base,trend+seasonal+shock,True,False,False,2022,882.9841651523113,0.8187342691296354,0.6,112.83732205695576,138.12448692321777,2837.879838079214,336.69434368371947,13.81244869232178,1592.3352399766443,12.053640574216844,0.0,20.437844149525723,0.085543678999997,0.1844155299999954,0.2699592089999925
A_Core|base|trend+seasonal+shock|GW:True|BL:False|MARL:False,A_Core,base,trend+seasonal+shock,True,False,False,3033,784.6289889770746,0.8265531965391778,0.4666666666666667,108.11240693132082,119.15795397758484,2764.6786945462227,324.4385231769082,11.915795397758483,1630.3075918257236,13.38779516875744,0.0,51.42179981465743,0.074166378000001,0.1529091239999971,0.2270755019999981
A_Core|base|trend+seasonal+shock|GW:True|BL:False|MARL:False,A_Core,base,trend+seasonal+shock,True,False,False,4044,735.9562605303526,0.7462010042314775,0.5333333333333333,109.1721473760075,187.04985988140103,2703.0150684416294,329.7029970419408,18.704985988140105,1605.0048390626907,13.645985818505286,0.0,71.47405656610631,0.0593609910000054,0.1403552989999994,0.1997162900000049
A_Core|base|trend+seasonal+shock|GW:True|BL:False|MARL:False,A_Core,base,trend+seasonal+shock,True,False,False,5055,700.1754398530721,0.7908978907927561,0.4666666666666667,114.61797543697888,140.93482160568237,2661.453709870577,338.29531973183094,14.093482160568238,1596.3214812874794,12.567986837625504,0.0,39.133510001876814,0.0707511580000002,0.1442796850000007,0.2150308430000009
A_Core|base|trend+seasonal+shock|GW:True|BL:False|MARL:False,A_Core,base,trend+seasonal+shock,True,False,False,6066,714.6184023624659,0.7758720718674925,0.5666666666666667,114.62544835276074,157.11367762088776,2605.369236499071,343.3634274345632,15.711367762088775,1518.792036831379,12.884002108573911,0.0,33.652379085640774,0.0636581969999952,0.1435507300000011,0.2072089269999963
A_Core|serial|trend+seasonal|GW:False|BL:True|MARL:False,A_Core,serial,trend+seasonal,False,True,False,42,224.772029018402,0.5572291157190884,0.1,37.66824828253852,6274.744323730469,2279.811954498291,75.63787698745728,627.474432373047,1347.5707054138184,4.356910705566406,0.0,1.4367590982951766,0.0722189199999974,0.1322111879999994,0.2044301079999968
A_Core|serial|trend+seasonal|GW:False|BL:True|MARL:False,A_Core,serial,trend+seasonal,False,True,False,123,208.5065362930297,0.5445721213088144,0.1,41.32824685838487,6499.766628265381,2174.823236465454,78.06504440307617,649.976662826538,1234.386157989502,3.8888349533081055,0.0,1.85602174057432,0.055012069,0.1359921299999982,0.1910041989999982
A_Core|serial|trend+seasonal|GW:False|BL:True|MARL:False,A_Core,serial,trend+seasonal,False,True,False,456,246.24686342239377,0.5695991273396595,0.1,37.21944584316677,6138.596446990967,2282.1569442749023,74.71406187057495,613.8596446990966,1342.9931640625,4.343210220336914,0.0,1.0693151036025166,0.0723209060000016,0.1618232849999969,0.2341441909999986
A_Core|serial|trend+seasonal|GW:False|BL:True|MARL:False,A_Core,serial,trend+seasonal,False,True,False,789,282.02668739318847,0.5798937052585192,0.1333333333333333,39.49985851711697,5900.198616027832,2175.224018096924,77.13298686981202,590.0198616027832,1222.1778869628906,3.866595268249512,0.0,2.146303224361879,0.060649810000001,0.1425188899999909,0.203168699999992
A_Core|serial|trend+seasonal|GW:False|BL:True|MARL:False,A_Core,serial,trend+seasonal,False,True,False,1011,456.3952549743651,0.6230074245336275,0.1666666666666666,33.23216167026096,4827.233455657959,2325.7137298583984,71.51909954071044,482.7233455657959,1310.8892440795898,4.186785697937012,0.0,3.0508982446712745,0.067069515,0.1596115709999992,0.2266810859999992
A_Core|serial|trend+seasonal|GW:False|BL:True|MARL:False,A_Core,serial,trend+seasonal,False,True,False,2022,237.81491691589355,0.5567442151350368,0.1333333333333333,41.52756538391113,6274.179840087891,2178.57027053833,78.96169631958008,627.4179840087891,1230.527114868164,3.84855842590332,0.0,2.3888370076158094,0.0640719840000088,0.1573809490000002,0.221452933000009
A_Core|serial|trend+seasonal|GW:False|BL:True|MARL:False,A_Core,serial,trend+seasonal,False,True,False,3033,274.97025884628295,0.5771042331008335,0.1,37.717235480414494,5793.94645690918,2282.4370861053467,75.80945669174194,579.3946456909181,1347.9050159454346,4.357708930969238,0.0,1.525326686470765,0.0658391059999985,0.1605748630000079,0.2264139690000064
A_Core|serial|trend+seasonal|GW:False|BL:True|MARL:False,A_Core,serial,trend+seasonal,False,True,False,4044,140.33192388534542,0.52127407201381,0.1,38.70790625678168,7033.297958374023,2270.6090450286865,76.74392183303833,703.3297958374022,1345.8527088165283,4.35069465637207,0.0,0.978481558499317,0.0575460200000037,0.1465787860000063,0.20412480600001
A_Core|serial|trend+seasonal|GW:False|BL:True|MARL:False,A_Core,serial,trend+seasonal,False,True,False,5055,239.67416858673093,0.5436645090398817,0.1333333333333333,38.900000466240776,6354.676250457764,2181.694269180298,76.4076753616333,635.4676250457765,1226.2659549713137,3.87884521484375,0.0,2.155404426668737,0.0571853709999885,0.1293343620000087,0.1865197329999972
A_Core|serial|trend+seasonal|GW:False|BL:True|MARL:False,A_Core,serial,trend+seasonal,False,True,False,6066,216.22308414459224,0.5507794942157064,0.1,38.26071891784668,6344.044437408447,2280.177068710327,76.97762996673583,634.4044437408447,1348.2133388519287,4.358572006225586,0.0,0.7576226336366848,0.0561367640000014,0.1378171899999927,0.1939539539999941
A_Core|serial|trend+seasonal|GW:False|BL:False|MARL:False,A_Core,serial,trend+seasonal,False,False,False,42,858.4067785263062,0.5565831457150008,0.1,27.333683437771267,424.7933464050293,2134.6827030181885,59.59853363037109,42.47933464050293,1170.4368591308594,3.761197090148926,0.0,2.305319001346871,0.0539001120000079,0.1308352239999948,0.1847353360000028
A_Core|serial|trend+seasonal|GW:False|BL:False|MARL:False,A_Core,serial,trend+seasonal,False,False,False,123,860.0683715820312,0.5595309044056604,0.1333333333333333,27.944067425198025,429.0168991088867,2246.907424926758,62.717404174804685,42.90168991088866,1277.0734310150146,4.146528244018555,0.0,1.0445830089741095,0.055545281999997,0.1353431779999994,0.1908884599999964
A_Core|serial|trend+seasonal|GW:False|BL:False|MARL:False,A_Core,serial,trend+seasonal,False,False,False,456,847.2625036811828,0.563305483643096,0.1,27.492737113104926,411.80292892456055,2163.1500244140625,60.23335470199585,41.18029289245606,1210.561227798462,3.91264533996582,0.0,0.931614422495281,0.053761835000003,0.129672677000002,0.1834345120000051
A_Core|serial|trend+seasonal|GW:False|BL:False|MARL:False,A_Core,serial,trend+seasonal,False,False,False,789,862.1251473236084,0.5928854771838287,0.2,28.461974716186525,375.7667045593262,2272.9069232940674,64.4035298538208,37.57667045593262,1304.5545101165771,4.247065544128418,0.0,0.773636155660895,0.0539615290000057,0.126887632000006,0.1808491610000118
A_Core|serial|trend+seasonal|GW:False|BL:False|MARL:False,A_Core,serial,trend+seasonal,False,False,False,1011,879.9244399642944,0.600984211051308,0.2,27.46896985371908,365.498462677002,2264.4091606140137,62.89908012390137,36.54984626770021,1280.9149742126465,4.120820045471191,0.0,1.996504596701682,0.0528491990000077,0.1353993950000074,0.1882485940000151
A_Core|serial|trend+seasonal|GW:False|BL:False|MARL:False,A_Core,serial,trend+seasonal,False,False,False,2022,860.9934146118163,0.5616817195629527,0.1666666666666666,27.741295666164824,419.9089126586914,2187.29829788208,61.767786483764645,41.99089126586913,1218.6450481414795,3.901157379150391,0.0,1.6033951639903885,0.0560243199999916,0.1264606960000094,0.1824850160000011
A_Core|serial|trend+seasonal|GW:False|BL:False|MARL:False,A_Core,serial,trend+seasonal,False,False,False,3033,872.5231427383422,0.5807822061845271,0.1333333333333333,27.695888900756835,388.61489486694336,2143.8934326171875,60.33904922485352,38.86148948669434,1168.401288986206,3.7684621810913086,0.0,2.594075137981868,0.0517358129999934,0.1408206480000018,0.1925564609999952
A_Core|serial|trend+seasonal|GW:False|BL:False|MARL:False,A_Core,serial,trend+seasonal,False,False,False,4044,851.8044950294495,0.5315365632062811,0.1666666666666666,27.58276710510254,476.89577865600586,2228.2341480255127,61.67222024917602,47.6895778656006,1262.962007522583,4.105847358703613,0.0,0.8269357413305514,0.0503101110000017,0.1216141270000008,0.1719242380000025
A_Core|serial|trend+seasonal|GW:False|BL:False|MARL:False,A_Core,serial,trend+seasonal,False,False,False,5055,870.5817797088623,0.5523125089048252,0.2,27.921738645765515,441.8675537109375,2201.8919467926025,62.4078546142578,44.18675537109375,1220.7923889160156,3.923168182373047,0.0,1.500988825459975,0.052194129,0.1212380519999953,0.1734321809999954
A_Core|serial|trend+seasonal|GW:False|BL:False|MARL:False,A_Core,serial,trend+seasonal,False,False,False,6066,854.7912887763978,0.5601478434937657,0.1333333333333333,27.801007758246527,426.216739654541,2247.385787963867,62.85810392379761,42.6216739654541,1282.9299926757812,4.184728622436523,0.0,0.8467027189491984,0.0522510819999979,0.1220154279999974,0.1742665099999953
A_Core|serial|trend+seasonal|GW:True|BL:True|MARL:False,A_Core,serial,trend+seasonal,True,True,False,42,682.8561553382874,1.0,0.4333333333333333,32.8674254099528,673.5109443664551,1840.383430480957,68.20667539596559,67.35109443664551,1018.572998046875,3.3965072631835938,0.0,2.238453624043142,0.0532410720000058,0.124252922999986,0.1774939949999918
A_Core|serial|trend+seasonal|GW:True|BL:True|MARL:False,A_Core,serial,trend+seasonal,True,True,False,123,682.8090706062318,1.0,0.4,34.55442233615452,872.8951072692871,1855.8446578979488,68.2061185646057,87.28951072692873,1014.1371726989746,3.402785301208496,0.0,2.1314229902057176,0.0533739500000081,0.1279515069999917,0.1813254569999998
A_Core|serial|trend+seasonal|GW:True|BL:True|MARL:False,A_Core,serial,trend+seasonal,True,True,False,456,695.3514770507812,1.0,0.4333333333333333,32.801849365234375,527.8196258544922,1839.49045753479,68.68498649597169,52.78196258544922,1019.2771911621094,3.394840240478516,0.0,2.2825177456266146,0.0524743470000004,0.1422727470000069,0.1947470940000073
A_Core|serial|trend+seasonal|GW:True|BL:True|MARL:False,A_Core,serial,trend+seasonal,True,True,False,789,683.2383696937561,1.0,0.4,35.002308230929906,901.6919403076172,1921.16058921814,71.35016389846801,90.16919403076172,1072.6945400238037,3.7083215713500977,0.0,2.1501175522615186,0.0611379329999977,0.1605613450000049,0.2216992780000026
A_Core|serial|trend+seasonal|GW:True|BL:True|MARL:False,A_Core,serial,trend+seasonal,True,True,False,1011,708.9254133796693,1.0,0.5333333333333333,34.2611203511556,243.0831642150879,1908.576156616211,79.14097074508665,24.308316421508792,1092.645883560181,3.555572509765625,0.0,2.825010491772676,0.0613965360000037,0.1475568769999995,0.2089534130000032
A_Core|serial|trend+seasonal|GW:True|BL:True|MARL:False,A_Core,serial,trend+seasonal,True,True,False,2022,661.7054948616028,1.0,0.4333333333333333,38.85525453355577,1002.3518142700196,1947.0607681274407,77.07472650527956,100.23518142700196,1104.3049812316897,3.740384101867676,0.0,1.9337969148924905,0.0647186670000081,0.1706090689999939,0.2353277360000021
A_Core|serial|trend+seasonal|GW:True|BL:True|MARL:False,A_Core,serial,trend+seasonal,True,True,False,3033,655.029755744934,1.0,0.4666666666666667,35.00829026963976,483.0628280639648,1847.518980026245,75.75771812438964,48.30628280639648,1064.9073123931885,3.517910957336426,0.0,2.053686393312504,0.0784399009999958,0.2067357929999929,0.2851756939999887
A_Core|serial|trend+seasonal|GW:True|BL:True|MARL:False,A_Core,serial,trend+seasonal,True,True,False,4044,696.5221057701111,1.0,0.3,30.415611945258245,875.5116081237793,1826.302589416504,62.37481920242309,87.55116081237792,976.6048431396484,3.24966049194336,0.0,2.5788323320643327,0.0686383259999985,0.169497530000001,0.2381358559999995
A_Core|serial|trend+seasonal|GW:True|BL:True|MARL:False,A_Core,serial,trend+seasonal,True,True,False,5055,680.5467804527282,1.0,0.4,36.31033651563856,959.1342315673828,1952.4317684173584,72.59297327041627,95.91342315673828,1099.625015258789,3.753576278686523,0.0,2.2584233772732656,0.0740117830000031,0.1662558869999912,0.2402676699999943
A_Core|serial|trend+seasonal|GW:True|BL:True|MARL:False,A_Core,serial,trend+seasonal,True,True,False,6066,674.3229636001586,1.0,0.4333333333333333,32.73596513536241,648.4374923706055,1849.2855434417725,69.62926189422609,64.84374923706055,1037.0076179504397,3.481950759887696,0.0,1.7021007418419642,0.0728586759999956,0.1994952439999906,0.2723539199999862
A_Core|serial|trend+seasonal|GW:True|BL:False|MARL:False,A_Core,serial,trend+seasonal,True,False,False,42,852.3706211090088,0.88928715499131,0.7333333333333333,32.05510245429145,63.3277473449707,2014.170343399048,73.32880401611328,6.332774734497071,1078.7120819091797,3.4260616302490234,0.0,6.347058802744976,0.0773384579999998,0.1763394740000023,0.2536779320000022
A_Core|serial|trend+seasonal|GW:True|BL:False|MARL:False,A_Core,serial,trend+seasonal,True,False,False,123,821.904428138733,0.8531849565177129,0.7,33.305228890313046,85.15272521972656,1976.524164199829,77.7682456588745,8.515272521972657,1064.951467514038,3.384750366210937,0.0,3.3232396883491213,0.0740877819999923,0.1741042260000114,0.2481920080000037
A_Core|serial|trend+seasonal|GW:True|BL:False|MARL:False,A_Core,serial,trend+seasonal,True,False,False,456,777.783040676117,0.8692569123937729,0.7,36.86193029615614,73.73910140991211,2099.7649898529053,82.02200998306273,7.37391014099121,1228.636884689331,3.94914436340332,0.0,9.057137184562444,0.0683301499999942,0.155774036000011,0.2241041860000052
A_Core|serial|trend+seasonal|GW:True|BL:False|MARL:False,A_Core,serial,trend+seasonal,True,False,False,789,721.3522353363037,0.8547191371242872,0.6666666666666666,36.16969231499566,78.01582336425781,1992.5102558135984,86.24110076904297,7.80158233642578,1173.332118988037,3.783218383789064,0.0,2.927237294991192,0.0566555880000123,0.136985795000001,0.1936413830000134
A_Core|serial|trend+seasonal|GW:True|BL:False|MARL:False,A_Core,serial,trend+seasonal,True,False,False,1011,832.0159173965454,0.938907115604873,0.7,33.80326504177518,33.05125045776367,2093.13849067688,80.08400115966795,3.3051250457763675,1173.982858657837,3.750588417053223,0.0,9.6548192433406,0.0579748860000108,0.1311575459999971,0.189132432000008
A_Core|serial|trend+seasonal|GW:True|BL:False|MARL:False,A_Core,serial,trend+seasonal,True,False,False,2022,913.5028283691406,0.843787528051415,0.7333333333333333,29.68491435580784,100.13219451904295,2100.0773906707764,68.05714191436769,10.013219451904298,1104.9787998199463,3.5254011154174805,0.0,3.5223808757999704,0.0547829779999915,0.1335848850000047,0.1883678629999963
A_Core|serial|trend+seasonal|GW:True|BL:False|MARL:False,A_Core,serial,trend+seasonal,True,False,False,3033,896.9588695526123,0.9129197601579192,0.7666666666666667,31.49064445495605,50.94194030761719,2103.8920192718506,71.33511714935302,5.094194030761719,1126.9118309020996,3.592007637023926,0.0,8.542320391559953,0.059787362999998,0.125135752999995,0.1849231159999931
A_Core|serial|trend+seasonal|GW:True|BL:False|MARL:False,A_Core,serial,trend+seasonal,True,False,False,4044,714.3745350837708,0.8640898875336149,0.6666666666666666,35.306884765625,72.84782028198242,2091.118688583374,84.72620191574094,7.284782028198243,1280.5734634399414,4.159706115722656,0.0,4.118557333192546,0.0684214679999968,0.1610033859999902,0.229424853999987
A_Core|serial|trend+seasonal|GW:True|BL:False|MARL:False,A_Core,serial,trend+seasonal,True,False,False,5055,739.6151818847657,0.8446472388312274,0.6666666666666666,35.708831024169925,86.0654296875,2017.299242019653,85.25738777160646,8.60654296875,1180.0346851348877,3.785444259643554,0.0,4.166945741780228,0.0680899990000085,0.1652010939999968,0.2332910930000054
A_Core|serial|trend+seasonal|GW:True|BL:False|MARL:False,A_Core,serial,trend+seasonal,True,False,False,6066,876.6217079925539,0.8620056089807729,0.7333333333333333,33.39452069600423,84.17657852172852,2075.489654541016,76.12579624176026,8.417657852172852,1110.783624649048,3.540867805480957,0.0,4.098360443912097,0.0654192110000053,0.1301455760000038,0.1955647870000092
A_Core|serial|trend+seasonal+shock|GW:False|BL:True|MARL:False,A_Core,serial,trend+seasonal+shock,False,True,False,42,-101.04784097671518,0.390634433457137,0.1,39.61819966634115,9494.356979370115,2321.7533588409424,77.7498106956482,949.4356979370116,1391.1770343780518,4.438656806945801,0.0,0.4306062190647154,0.0689445950000049,0.1292670110000102,0.1982116060000152
A_Core|serial|trend+seasonal+shock|GW:False|BL:True|MARL:False,A_Core,serial,trend+seasonal+shock,False,True,False,123,-158.71110162734988,0.3773050764303051,0.1,43.06031333075629,9736.110340118408,2298.795509338379,82.62384080886841,973.6110340118408,1396.7796325683594,4.492103576660156,0.0,0.2648184570487873,0.0545625609999973,0.135788596999987,0.1903511579999843
A_Core|serial|trend+seasonal+shock|GW:False|BL:True|MARL:False,A_Core,serial,trend+seasonal+shock,False,True,False,456,-94.43445075988774,0.3928749084472656,0.1,39.33528039720324,9425.721168518066,2319.8846340179443,77.13797248840332,942.5721168518064,1390.1766777038574,4.432317733764648,0.0,0.4189615675879051,0.0543131099999953,0.1319542550000108,0.1862673650000061
A_Core|serial|trend+seasonal+shock|GW:False|BL:True|MARL:False,A_Core,serial,trend+seasonal+shock,False,True,False,789,-48.749152507782014,0.4003044089177879,0.1333333333333333,40.05828675164117,9059.994354248049,2319.090986251831,79.45759519577027,905.9994354248048,1378.0100345611572,4.373073577880859,0.0,0.3587327241846178,0.053620641000009,0.1288839679999966,0.1825046090000057
A_Core|serial|trend+seasonal+shock|GW:False|BL:True|MARL:False,A_Core,serial,trend+seasonal+shock,False,True,False,1011,123.9335924911498,0.42502784445594,0.1666666666666666,33.96176914638943,8054.266510009766,2340.630865097046,70.58774787902831,805.4266510009766,1336.4468574523926,4.236016273498535,0.0,0.6262660251662835,0.0558162480000135,0.1286781499999989,0.1844943980000124
A_Core|serial|trend+seasonal+shock|GW:False|BL:True|MARL:False,A_Core,serial,trend+seasonal+shock,False,True,False,2022,-142.61923768997195,0.3813053070640014,0.1333333333333333,43.61278805202908,9563.145462036133,2303.9291381835938,84.44196908950806,956.3145462036132,1401.2675762176514,4.524284362792969,0.0,0.2470864419340803,0.0539517859999989,0.1294224390000096,0.1833742250000085
A_Core|serial|trend+seasonal+shock|GW:False|BL:True|MARL:False,A_Core,serial,trend+seasonal+shock,False,True,False,3033,-61.808179340362585,0.3950877496373584,0.1,39.82642610338,9083.246494293213,2323.762989044189,78.20033346176147,908.3246494293212,1394.5974349975586,4.4487504959106445,0.0,0.3822092135716257,0.054249483999996,0.1269966189999962,0.1812461029999923
A_Core|serial|trend+seasonal+shock|GW:False|BL:True|MARL:False,A_Core,serial,trend+seasonal+shock,False,True,False,4044,-209.55976398468027,0.3637917532927343,0.1,41.09580078125,10395.240306854248,2311.614799499512,79.85228927612305,1039.5240306854248,1397.334623336792,4.463620185852051,0.0,0.2654784100376169,0.0555784399999907,0.1287267880000087,0.1843052279999995
A_Core|serial|trend+seasonal+shock|GW:False|BL:True|MARL:False,A_Core,serial,trend+seasonal+shock,False,True,False,5055,-95.28388242721564,0.3863357458101211,0.1333333333333333,39.250409020317925,9620.85820388794,2332.8468322753906,78.34685716629028,962.085820388794,1383.30717086792,4.390866279602051,0.0,0.3835375387291722,0.0536628189999959,0.1265911819999985,0.1802540009999944
A_Core|serial|trend+seasonal+shock|GW:False|BL:True|MARL:False,A_Core,serial,trend+seasonal+shock,False,True,False,6066,-110.02571918487558,0.3862979418910335,0.1,40.48765970865885,9521.165325164797,2326.015949249268,79.65734416961669,952.1165325164797,1399.8032569885254,4.464534759521484,0.0,0.301071522991829,0.0564670549999988,0.1290519669999952,0.185519021999994
A_Core|serial|trend+seasonal+shock|GW:False|BL:False|MARL:False,A_Core,serial,trend+seasonal+shock,False,False,False,42,801.0890636444092,0.3769415982793815,0.1,30.28538491990831,862.9358863830566,2035.593748092652,60.42710113525391,86.29358863830566,1084.364366531372,3.419628143310547,0.0,1.0466793173802225,0.0552677170000066,0.1268099350000113,0.182077652000018
A_Core|serial|trend+seasonal+shock|GW:False|BL:False|MARL:False,A_Core,serial,trend+seasonal+shock,False,False,False,123,794.388172531128,0.3707545387327969,0.1,30.86404694451226,881.5728912353516,2023.4734535217283,61.41307830810547,88.15728912353516,1076.122808456421,3.3921051025390625,0.0,0.7426306736011913,0.0542122309999939,0.1355643549999996,0.1897765859999935
A_Core|serial|trend+seasonal+shock|GW:False|BL:False|MARL:False,A_Core,serial,trend+seasonal+shock,False,False,False,456,797.8465741729736,0.3778274536132812,0.1,30.476649475097656,855.4872512817383,2024.086046218872,60.621964111328126,85.54872512817383,1076.6747951507568,3.3939876556396484,0.0,0.9414869147133909,0.055260091000008,0.1285669349999949,0.183827026000003
A_Core|serial|trend+seasonal+shock|GW:False|BL:False|MARL:False,A_Core,serial,trend+seasonal+shock,False,False,False,789,807.4502034759521,0.3865706579024786,0.1333333333333333,31.231416363186305,834.8773345947266,2053.4589290618896,63.03911003112793,83.48773345947265,1096.0234642028809,3.4584178924560547,0.0,0.8050230722472894,0.0561342200000041,0.1288975840000006,0.1850318040000047
A_Core|serial|trend+seasonal+shock|GW:False|BL:False|MARL:False,A_Core,serial,trend+seasonal+shock,False,False,False,1011,823.6623621749877,0.3976752463988351,0.1666666666666666,30.5537779490153,810.729118347168,2095.0114727020264,62.75672466278076,81.07291183471679,1123.9678382873535,3.5516357421875,0.0,0.897083330026686,0.0560913329999976,0.1272565339999971,0.1833478669999948
A_Core|serial|trend+seasonal+shock|GW:False|BL:False|MARL:False,A_Core,serial,trend+seasonal+shock,False,False,False,2022,806.6029153060913,0.379543070834377,0.1333333333333333,30.908436838785807,861.1942176818848,2056.5085411071777,62.27972095489502,86.11942176818846,1098.0413436889648,3.465139389038086,0.0,0.7245368757969933,0.0546820189999976,0.1967023309999973,0.251384349999995
A_Core|serial|trend+seasonal+shock|GW:False|BL:False|MARL:False,A_Core,serial,trend+seasonal+shock,False,False,False,3033,797.2056845092773,0.3792505515249152,0.1,30.733677673339844,849.185245513916,2020.5785274505613,60.96274124145508,84.9185245513916,1074.106216430664,3.385360717773437,0.0,0.8725355747968723,0.0757047769999985,0.1626789620000011,0.2383837389999996
A_Core|serial|trend+seasonal+shock|GW:False|BL:False|MARL:False,A_Core,serial,trend+seasonal+shock,False,False,False,4044,788.4169200134278,0.3542462930510184,0.1,30.529453870985243,946.674934387207,2023.1651306152344,60.67759330749512,94.66749343872068,1076.0113716125488,3.391752243041992,0.0,0.6551180926659596,0.0746710389999947,0.1663369159999916,0.2410079549999864
A_Core|serial|trend+seasonal+shock|GW:False|BL:False|MARL:False,A_Core,serial,trend+seasonal+shock,False,False,False,5055,806.2830450057983,0.3719577977090613,0.1333333333333333,30.860080930921768,893.0760116577148,2066.0404682159424,62.56753883361816,89.30760116577149,1104.3959617614746,3.486321449279785,0.0,0.7748554924252372,0.066328397999996,0.1584952670000063,0.2248236650000024
A_Core|serial|trend+seasonal+shock|GW:False|BL:False|MARL:False,A_Core,serial,trend+seasonal+shock,False,False,False,6066,798.174259262085,0.3736840961314204,0.1,30.71684036254883,874.3370018005371,2033.8170051574707,61.59441215515137,87.4337001800537,1083.198881149292,3.415752410888672,0.0,0.678934478731249,0.0685102639999968,0.1554789019999987,0.2239891659999955
A_Core|serial|trend+seasonal+shock|GW:True|BL:True|MARL:False,A_Core,serial,trend+seasonal+shock,True,True,False,42,709.9656803894043,0.8828407402541454,0.2,28.97589751349555,969.0296249389648,1872.5654125213623,59.65728466033936,96.90296249389648,1002.8763771057128,3.1631078720092773,0.0,4.096638236765695,0.0641581080000008,0.1602467919999952,0.2244048999999961
A_Core|serial|trend+seasonal+shock|GW:True|BL:True|MARL:False,A_Core,serial,trend+seasonal+shock,True,True,False,123,692.6431228637696,0.8874015454892759,0.1,33.25872484842936,1189.771900177002,1867.39354133606,65.90885906219482,118.9771900177002,986.5127086639404,3.35166072845459,0.0,3.682925910126512,0.0629216390000095,0.1437392989999892,0.2066609379999988
A_Core|serial|trend+seasonal+shock|GW:True|BL:True|MARL:False,A_Core,serial,trend+seasonal+shock,True,True,False,456,776.6579048538208,0.9307832753613648,0.1,27.29000634087457,856.6058959960938,1930.665397644043,57.52322803497314,85.66058959960937,1007.6423168182372,3.181358337402344,0.0,4.355194984181225,0.0761166319999944,0.1584063819999954,0.2345230139999898
A_Core|serial|trend+seasonal+shock|GW:True|BL:True|MARL:False,A_Core,serial,trend+seasonal+shock,True,True,False,789,673.6646143341064,0.8760210855644952,0.1333333333333333,34.363975016276044,1426.714084625244,1915.1098728179927,70.18123203277588,142.67140846252445,1025.0195503234863,3.5730676651000977,0.0,4.105726509155785,0.0699214330000046,0.1642249009999972,0.2341463340000018
A_Core|serial|trend+seasonal+shock|GW:True|BL:True|MARL:False,A_Core,serial,trend+seasonal+shock,True,True,False,1011,847.799433631897,0.9631206647421838,0.3333333333333333,27.515521960788305,405.66144943237305,2017.667579650879,61.36894901275635,40.566144943237305,1064.5076274871826,3.425424575805664,0.0,5.606337995713135,0.0689719719999999,0.1665682670000023,0.2355402390000023
A_Core|serial|trend+seasonal+shock|GW:True|BL:True|MARL:False,A_Core,serial,trend+seasonal+shock,True,True,False,2022,630.6736255645752,0.8391375385750591,0.1333333333333333,36.29019504123264,1776.5780448913574,1923.570537567139,73.38614978790284,177.65780448913574,1038.1811141967771,3.671843528747559,0.0,3.412187393346388,0.0647780709999921,0.1686340669999992,0.2334121379999914
A_Core|serial|trend+seasonal+shock|GW:True|BL:True|MARL:False,A_Core,serial,trend+seasonal+shock,True,True,False,3033,756.7363031768798,0.934396577112883,0.2,29.50230589972602,695.4819145202637,1877.1564483642576,61.20232845306397,69.54819145202637,986.4325523376464,3.2370729446411133,0.0,4.751760200087477,0.0680144829999989,0.322710078,0.3907245609999989
A_Core|serial|trend+seasonal+shock|GW:True|BL:True|MARL:False,A_Core,serial,trend+seasonal+shock,True,True,False,4044,731.5866641998291,0.9318892161051432,0.1,28.69990412394206,1313.9919204711914,1991.15891456604,60.679304885864255,131.39919204711913,1064.1332149505615,3.360538482666016,0.0,3.3846262317328453,0.1205208379999902,0.1801131059999932,0.3006339439999834
A_Core|serial|trend+seasonal+shock|GW:True|BL:True|MARL:False,A_Core,serial,trend+seasonal+shock,True,True,False,5055,613.1484705352782,0.8270496315609625,0.1333333333333333,36.72401631673177,1774.1993865966797,1884.1099262237549,73.5819347000122,177.41993865966805,1016.3496971130372,3.609885215759277,0.0,4.493738746149613,0.0774630200000103,0.1410206639999955,0.2184836840000059
A_Core|serial|trend+seasonal+shock|GW:True|BL:True|MARL:False,A_Core,serial,trend+seasonal+shock,True,True,False,6066,736.920889930725,0.9286347394755085,0.1666666666666666,28.79609069824219,889.9558448791504,1901.2277603149407,60.35235492706299,88.99558448791504,1011.7948532104492,3.1640777587890625,0.0,2.965496335390638,0.0746537090000032,0.2255204100000014,0.3001741190000047
A_Core|serial|trend+seasonal+shock|GW:True|BL:False|MARL:False,A_Core,serial,trend+seasonal+shock,True,False,False,42,910.5293481063844,0.8364414244659187,0.5333333333333333,27.70305396185981,105.49528121948242,2118.186521530152,62.05274513244629,10.549528121948242,1131.463384628296,3.59151554107666,0.0,7.234976725383742,0.0773080719999939,0.1629202250000077,0.2402282970000016
A_Core|serial|trend+seasonal+shock|GW:True|BL:False|MARL:False,A_Core,serial,trend+seasonal+shock,True,False,False,123,913.2147577667236,0.824989839033647,0.5333333333333333,28.73643209669325,115.50670623779295,2141.4557933807373,64.63396755218506,11.550670623779297,1148.399257659912,3.657139778137207,0.0,6.605585496460771,0.078167153999999,0.1595972150000051,0.2377643690000042
A_Core|serial|trend+seasonal+shock|GW:True|BL:False|MARL:False,A_Core,serial,trend+seasonal+shock,True,False,False,456,917.939167289734,0.8038867221159094,0.5333333333333333,27.829805204603407,133.35702896118164,2148.7308025360107,62.83155796051026,13.335702896118164,1150.9613990783691,3.662975311279297,0.0,3.938921466087153,0.082170731000005,0.1267053290000035,0.2088760600000085
A_Core|serial|trend+seasonal+shock|GW:True|BL:False|MARL:False,A_Core,serial,trend+seasonal+shock,True,False,False,789,911.153163833618,0.8637460184021482,0.6,31.521799680921767,85.70375442504883,2129.237134933472,72.24891384124756,8.570375442504883,1133.6522579193115,3.612423896789551,0.0,4.430845504239862,0.0676111080000083,0.1308866839999893,0.1984977919999977
A_Core|serial|trend+seasonal+shock|GW:True|BL:False|MARL:False,A_Core,serial,trend+seasonal+shock,True,False,False,1011,932.9794187164308,0.8831446337851749,0.5333333333333333,29.708809407552085,73.38516998291016,2175.885772705078,68.2031519317627,7.338516998291016,1163.654375076294,3.7103099822998047,0.0,11.40134237630314,0.0651206470000005,0.137581670000003,0.2027023170000035
A_Core|serial|trend+seasonal+shock|GW:True|BL:False|MARL:False,A_Core,serial,trend+seasonal+shock,True,False,False,2022,893.8904286766052,0.7629505178546379,0.5,27.10442576938205,171.6238250732422,2274.321937561035,63.90008874893186,17.16238250732422,1295.0921058654783,4.2769317626953125,0.0,0.6829040363316219,0.2620877220000039,0.1428180590000067,0.4049057810000107
A_Core|serial|trend+seasonal+shock|GW:True|BL:False|MARL:False,A_Core,serial,trend+seasonal+shock,True,False,False,3033,908.3417908477784,0.8301921919280407,0.5333333333333333,27.29787915547689,112.58257675170898,2242.1443462371826,63.37720252990723,11.2582576751709,1255.1128387451172,4.054256439208984,0.0,2.315306300394458,0.0581515570000021,0.1286001460000108,0.1867517030000129
A_Core|serial|trend+seasonal+shock|GW:True|BL:False|MARL:False,A_Core,serial,trend+seasonal+shock,True,False,False,4044,915.869371070862,0.8306010301689125,0.5666666666666667,29.500920740763345,110.78692626953124,2117.545207977295,66.85962215423582,11.078692626953126,1120.1644897460938,3.57303237915039,0.0,5.967084474288953,0.0660147199999983,0.1304598950000013,0.1964746149999996
A_Core|serial|trend+seasonal+shock|GW:True|BL:False|MARL:False,A_Core,serial,trend+seasonal+shock,True,False,False,5055,906.7375631332396,0.8191343520703273,0.5,29.422887802124023,119.73305892944336,2131.674909591675,66.4558685302734,11.973305892944335,1142.8490161895752,3.65915584564209,0.0,6.083921843807343,0.0682207990000023,0.13050006200001,0.1987208610000124
A_Core|serial|trend+seasonal+shock|GW:True|BL:False|MARL:False,A_Core,serial,trend+seasonal+shock,True,False,False,6066,908.0567006492616,0.7819113582794794,0.5666666666666667,29.11542714436849,153.9705810546875,2224.200391769409,67.25115724563598,15.39705810546875,1229.5526027679443,3.942873001098633,0.0,1.7492068150295748,0.0597102589999991,0.1371639179999988,0.1968741769999979
B_PaperReplication|base|stationary|GW:False|BL:True|MARL:False,B_PaperReplication,base,stationary,False,True,False,42,837.1323932641745,1.0,0.9666666666666668,109.4026894774702,1.9439058303833008,2836.5772008001804,343.723066765666,0.1943905830383301,1642.1520191431046,13.375331044197084,0.0,201.0687828051974,0.070903427999994,0.1469746239999949,0.217878051999989
B_PaperReplication|base|stationary|GW:False|BL:True|MARL:False,B_PaperReplication,base,stationary,False,True,False,123,846.857705706358,1.0,0.8333333333333334,107.64059542881118,21.78408455848694,2966.3798074126244,343.70617896258807,2.178408455848694,1759.631646513939,14.005867773890497,0.0,89.98383635164447,0.0642171190000056,0.1494137480000006,0.2136308670000062
B_PaperReplication|base|stationary|GW:False|BL:True|MARL:False,B_PaperReplication,base,stationary,False,True,False,456,828.0814937776327,1.0,1.0,107.03486998809709,0.0,2894.4797033667564,340.8515896636251,0.0,1711.7386896014214,13.807930324077605,0.0,161.5249510817602,0.0670246779999956,0.1528478849999999,0.2198725629999955
B_PaperReplication|base|stationary|GW:False|BL:True|MARL:False,B_PaperReplication,base,stationary,False,True,False,789,747.3513812977076,1.0,0.9,108.72069233788385,13.135682821273804,2977.298396408558,368.7793444550037,1.3135682821273804,1845.9388946294785,13.91520774424076,0.0,67.58520468417176,0.0626057280000083,0.1646870480000046,0.2272927760000129
B_PaperReplication|base|stationary|GW:False|BL:True|MARL:False,B_PaperReplication,base,stationary,False,True,False,1011,731.0692164701223,1.0,1.0,123.35923103027874,0.0,2745.620031952858,385.2582383650538,0.0,1617.4221625328064,11.870414584875109,0.0,79.15066824827578,0.0616998779999988,0.1581583480000006,0.2198582259999995
B_PaperReplication|base|stationary|GW:False|BL:True|MARL:False,B_PaperReplication,base,stationary,False,True,False,2022,802.60779425323,1.0,0.9333333333333332,108.10479001336628,5.0642329454422,3007.576966404915,357.2053242337705,0.50642329454422,1833.3472852408888,13.910139382481578,0.0,57.117988912351386,0.0698462140000089,0.1412623530000019,0.2111085670000108
B_PaperReplication|base|stationary|GW:False|BL:True|MARL:False,B_PaperReplication,base,stationary,False,True,False,3033,767.0790800303221,1.0,1.0,114.7649447619915,0.0,2756.387171328068,358.48189869821067,0.0,1618.080491960049,12.745700639486314,0.0,119.92269680271694,0.0710919010000026,0.1355575869999938,0.2066494879999965
B_PaperReplication|base|stationary|GW:False|BL:True|MARL:False,B_PaperReplication,base,stationary,False,True,False,4044,900.7328999614716,1.0,0.7666666666666667,105.13038195040492,55.46195113658905,2974.32026425004,328.566066895723,5.546195113658905,1725.730003297329,13.7450989818573,0.0,145.5295990146788,0.0711944589999973,0.1344788290000025,0.2056732879999998
B_PaperReplication|base|stationary|GW:False|BL:True|MARL:False,B_PaperReplication,base,stationary,False,True,False,5055,864.0534214240315,1.0,0.9,107.364167576366,15.85871934890747,3029.3553005754948,353.53354368984617,1.585871934890747,1796.3631727993488,13.81929072737694,0.0,91.09002985542392,0.076375205000005,0.1325940690000067,0.2089692740000117
B_PaperReplication|base|stationary|GW:False|BL:True|MARL:False,B_PaperReplication,base,stationary,False,True,False,6066,838.0314318615198,1.0,0.9,107.83216355443,7.166152358055115,2900.228333055973,339.6808530753845,0.7166152358055116,1707.8829443752766,13.916488507986069,0.0,85.99819994634007,0.0784059180000014,0.1370733669999992,0.2154792850000007
B_PaperReplication|base|stationary|GW:False|BL:False|MARL:False,B_PaperReplication,base,stationary,False,False,False,42,832.1138385945559,0.996749321353874,0.9666666666666668,110.5242450012101,1.9439058303833008,2810.6923200190067,345.11192734897065,0.1943905830383301,1620.0767692029476,13.195394289493562,0.0,213.92649501689783,0.0743672039999978,0.1486789110000046,0.2230461150000025
B_PaperReplication|base|stationary|GW:False|BL:False|MARL:False,B_PaperReplication,base,stationary,False,False,False,123,822.2094965863228,0.9834710743801652,0.9,111.321131830083,10.0,2832.7687482237816,351.43747073471553,1.0,1644.9905846118927,13.131196290850635,0.0,109.62160176019624,0.0611634209999891,0.1517261329999968,0.212889553999986
B_PaperReplication|base|stationary|GW:False|BL:False|MARL:False,B_PaperReplication,base,stationary,False,False,False,456,828.0814937776327,1.0,1.0,107.03486998809709,0.0,2894.4797033667564,340.8515896636251,0.0,1711.7386896014214,13.807930324077605,0.0,161.5249510817602,0.0629889599999984,0.1516282169999954,0.2146171769999938
B_PaperReplication|base|stationary|GW:False|BL:False|MARL:False,B_PaperReplication,base,stationary,False,False,False,789,725.2853596997261,0.983012664885748,0.9333333333333332,113.54165189663568,9.631819009780884,2805.6837891340256,373.4113574582343,0.9631819009780884,1692.9542517364025,13.069638338685037,0.0,101.39211279720716,0.0636675940000088,0.1541755789999968,0.2178431730000056
B_PaperReplication|base|stationary|GW:False|BL:False|MARL:False,B_PaperReplication,base,stationary,False,False,False,1011,731.0692164701223,1.0,1.0,123.35923103027874,0.0,2745.620031952858,385.2582383650538,0.0,1617.4221625328064,11.870414584875109,0.0,79.15066824827578,0.0657101250000096,0.1598158220000129,0.2255259470000226
B_PaperReplication|base|stationary|GW:False|BL:False|MARL:False,B_PaperReplication,base,stationary,False,False,False,2022,792.5370397275688,0.9925771453789418,0.9333333333333332,111.25169435342151,4.372061371803284,2965.406531304121,360.2107674437763,0.4372061371803284,1798.8380627930164,13.3834552025795,0.0,40.98237800481813,0.0694279589999951,0.1460429959999913,0.2154709549999864
B_PaperReplication|base|stationary|GW:False|BL:False|MARL:False,B_PaperReplication,base,stationary,False,False,False,3033,767.0790800303221,1.0,1.0,114.7649447619915,0.0,2756.387171328068,358.48189869821067,0.0,1618.080491960049,12.745700639486314,0.0,119.92269680271694,0.0759063339999954,0.1431709139999952,0.2190772479999907
B_PaperReplication|base|stationary|GW:False|BL:False|MARL:False,B_PaperReplication,base,stationary,False,False,False,4044,850.786258086562,0.9602557453155518,0.7666666666666667,108.20615639355448,24.84015917778015,2883.1690071225166,332.5284389251469,2.484015917778016,1683.8701698482037,13.500124344825744,0.0,162.83037090921414,0.0823777509999956,0.1402210570000051,0.2225988080000007
B_PaperReplication|base|stationary|GW:False|BL:False|MARL:False,B_PaperReplication,base,stationary,False,False,False,5055,836.4105744731426,0.9806294852090114,0.9333333333333332,111.5983047803243,11.970978140830994,2879.462362319231,358.9217482793328,1.1970978140830992,1669.8443467617035,13.088594990968703,0.0,112.28155716391046,0.0871627870000111,0.1395184280000023,0.2266812150000134
B_PaperReplication|base|stationary|GW:False|BL:False|MARL:False,B_PaperReplication,base,stationary,False,False,False,6066,828.6059893196821,0.9941505255611298,0.9,107.96553297506438,3.492136240005493,2894.400979578495,342.24562488079084,0.3492136240005493,1709.2765307426453,13.92362101137638,0.0,81.25029911420084,0.0907107170000074,0.1364999390000036,0.2272106560000111
B_PaperReplication|serial|stationary|GW:False|BL:True|MARL:False,B_PaperReplication,serial,stationary,False,True,False,42,932.732745628357,1.0,1.0,42.69043587578668,0.0,2547.155710220337,104.34526206970216,0.0,1505.2467823028564,4.830920219421387,0.0,36.93714604242096,0.074329519999992,0.1460064439999939,0.220335963999986
B_PaperReplication|serial|stationary|GW:False|BL:True|MARL:False,B_PaperReplication,serial,stationary,False,True,False,123,952.911490097046,1.0,0.9666666666666668,44.27711372375488,1.0,2522.8129482269287,102.65181423187256,0.1,1462.392282485962,4.75736141204834,0.0,28.42380577535412,0.0628863409999951,0.1479576629999996,0.2108440039999948
B_PaperReplication|serial|stationary|GW:False|BL:True|MARL:False,B_PaperReplication,serial,stationary,False,True,False,456,930.7134805297852,1.0,1.0,42.50421257019043,0.0,2490.480550765991,102.29876655578616,0.0,1452.815341949463,4.652961730957031,0.0,27.72362342807896,0.0646030379999871,0.1458396969999995,0.2104427349999866
B_PaperReplication|serial|stationary|GW:False|BL:True|MARL:False,B_PaperReplication,serial,stationary,False,True,False,789,864.0173446846007,1.0,1.0,44.82576344807943,0.0,2467.1674575805664,111.63253381729126,0.0,1486.7368698120115,4.780709266662598,0.0,16.69674548479656,0.055836782,0.1484196729999922,0.2042564549999923
B_PaperReplication|serial|stationary|GW:False|BL:True|MARL:False,B_PaperReplication,serial,stationary,False,True,False,1011,854.2602156829834,1.0,1.0,49.24066581726074,0.0,2448.387269973755,123.4478331375122,0.0,1465.9851551055908,4.694066047668457,0.0,28.077537289018828,0.0609618830000044,0.1443364279999883,0.2052983109999928
B_PaperReplication|serial|stationary|GW:False|BL:True|MARL:False,B_PaperReplication,serial,stationary,False,True,False,2022,910.9507304954528,1.0,0.9666666666666668,47.140777842203775,3.4463882446289062,2503.10986328125,110.68554479599,0.3446388244628906,1476.3713836669922,4.757565498352051,0.0,19.20112053293318,0.0687130200000041,0.1341945469999927,0.2029075669999969
B_PaperReplication|serial|stationary|GW:False|BL:True|MARL:False,B_PaperReplication,serial,stationary,False,True,False,3033,876.5733650207519,1.0,1.0,46.33190091451009,0.0,2447.984161376953,111.27400608062744,0.0,1455.4645538330078,4.672236442565918,0.0,28.67297256544321,0.078122680000007,0.1563204010000021,0.2344430810000091
B_PaperReplication|serial|stationary|GW:False|BL:True|MARL:False,B_PaperReplication,serial,stationary,False,True,False,4044,989.6681370162964,1.0,1.0,40.35905575222439,0.0,2601.951360702514,94.19769912719724,0.0,1513.135814666748,4.949709892272949,0.0,48.58273445486172,0.0789037219999926,0.191906846000009,0.2708105680000017
B_PaperReplication|serial|stationary|GW:False|BL:True|MARL:False,B_PaperReplication,serial,stationary,False,True,False,5055,987.0358977508544,1.0,1.0,38.63239093356663,0.0,2562.11141204834,94.91770408630371,0.0,1475.4308700561523,4.726940155029297,0.0,20.37948708047239,0.0711158780000005,0.162530930999992,0.2336468089999925
B_PaperReplication|serial|stationary|GW:False|BL:True|MARL:False,B_PaperReplication,serial,stationary,False,True,False,6066,937.0843824386596,1.0,1.0,43.98997539944119,0.0,2501.628393173218,105.41493091583251,0.0,1454.4628143310547,4.666265487670898,0.0,16.82306059298659,0.0555819289999988,0.1335715820000018,0.1891535110000006
B_PaperReplication|serial|stationary|GW:False|BL:False|MARL:False,B_PaperReplication,serial,stationary,False,False,False,42,932.732745628357,1.0,1.0,42.69043587578668,0.0,2547.155710220337,104.34526206970216,0.0,1505.2467823028564,4.830920219421387,0.0,36.93714604242096,0.0560136940000006,0.1311323830000077,0.1871460770000084
B_PaperReplication|serial|stationary|GW:False|BL:False|MARL:False,B_PaperReplication,serial,stationary,False,False,False,123,956.5749952888488,0.9983471074380166,0.9666666666666668,43.43382398817274,1.0,2501.319272994995,100.02863801956175,0.1,1439.948272705078,4.667366981506348,0.0,26.44391614273707,0.0562852740000039,0.1378411099999965,0.1941263840000004
B_PaperReplication|serial|stationary|GW:False|BL:False|MARL:False,B_PaperReplication,serial,stationary,False,False,False,456,930.7134805297852,1.0,1.0,42.50421257019043,0.0,2490.480550765991,102.29876655578616,0.0,1452.815341949463,4.652961730957031,0.0,27.72362342807896,0.05570801799999,0.1332083130000114,0.1889163310000015
B_PaperReplication|serial|stationary|GW:False|BL:False|MARL:False,B_PaperReplication,serial,stationary,False,False,False,789,864.0173446846007,1.0,1.0,44.82576344807943,0.0,2467.1674575805664,111.63253381729126,0.0,1486.7368698120115,4.780709266662598,0.0,16.69674548479656,0.0551419190000075,0.1294161990000049,0.1845581180000124
B_PaperReplication|serial|stationary|GW:False|BL:False|MARL:False,B_PaperReplication,serial,stationary,False,False,False,1011,854.2602156829834,1.0,1.0,49.24066581726074,0.0,2448.387269973755,123.4478331375122,0.0,1465.9851551055908,4.694066047668457,0.0,28.077537289018828,0.0647661870000035,0.1595258579999949,0.2242920449999985
B_PaperReplication|serial|stationary|GW:False|BL:False|MARL:False,B_PaperReplication,serial,stationary,False,False,False,2022,914.446812324524,0.9941487466135333,0.9666666666666668,45.93532396952311,3.4463882446289062,2453.057792663574,107.99492008209228,0.3446388244628906,1425.6567001342771,4.614721298217773,0.0,17.043824891282746,0.0620152510000053,0.1347717299999971,0.1967869810000024
B_PaperReplication|serial|stationary|GW:False|BL:False|MARL:False,B_PaperReplication,serial,stationary,False,False,False,3033,876.5733650207519,1.0,1.0,46.33190091451009,0.0,2447.984161376953,111.27400608062744,0.0,1455.4645538330078,4.672236442565918,0.0,28.67297256544321,0.0810929189999996,0.1352801869999922,0.2163731059999918
B_PaperReplication|serial|stationary|GW:False|BL:False|MARL:False,B_PaperReplication,serial,stationary,False,False,False,4044,989.6681370162964,1.0,1.0,40.35905575222439,0.0,2601.951360702514,94.19769912719724,0.0,1513.135814666748,4.949709892272949,0.0,48.58273445486172,0.0778935420000124,0.1306850080000003,0.2085785500000128
B_PaperReplication|serial|stationary|GW:False|BL:False|MARL:False,B_PaperReplication,serial,stationary,False,False,False,5055,987.0358977508544,1.0,1.0,38.63239093356663,0.0,2562.11141204834,94.91770408630371,0.0,1475.4308700561523,4.726940155029297,0.0,20.37948708047239,0.0601615209999977,0.1323925780000081,0.1925540990000058
B_PaperReplication|serial|stationary|GW:False|BL:False|MARL:False,B_PaperReplication,serial,stationary,False,False,False,6066,937.0843824386596,1.0,1.0,43.98997539944119,0.0,2501.628393173218,105.41493091583251,0.0,1454.4628143310547,4.666265487670898,0.0,16.82306059298659,0.0823017729999975,0.148621888000008,0.2309236610000056
C_MARL|base|trend+seasonal|GW:False|BL:True|MARL:True,C_MARL,base,trend+seasonal,False,True,True,42,243.0812740385533,0.593077118561014,0.1,111.99535493718253,5513.145841598511,2655.5196702182293,327.76208892107013,551.3145841598512,1520.757871121168,12.603851977586746,0.0,36.24518215170861,0.0903699839999916,0.1897937769999913,0.2801637609999829
C_MARL|base|trend+seasonal|GW:False|BL:True|MARL:True,C_MARL,base,trend+seasonal,False,True,True,123,252.575033956766,0.5920492336000994,0.1,112.26924779017766,5605.949095010757,2677.300793200732,326.44376011133164,560.5949095010757,1525.3979978859425,12.289091745615009,0.0,17.926183201249195,0.0913927699999987,0.1994938459999957,0.2908866159999945
C_MARL|base|trend+seasonal|GW:False|BL:True|MARL:True,C_MARL,base,trend+seasonal,False,True,True,456,243.9536517989636,0.5903681155100607,0.1,114.22638684776096,5259.576215624809,2585.0132346749306,330.6895244902372,525.9576215624809,1472.811528623104,11.600908200144769,0.0,21.801311129755177,0.0804183540000025,0.1738454139999987,0.2542637680000013
C_MARL|base|trend+seasonal|GW:False|BL:True|MARL:True,C_MARL,base,trend+seasonal,False,True,True,789,523.8926816505193,0.7212636620613503,0.1333333333333333,111.88075775835247,4663.782851934433,2960.0918493270874,328.23498196363414,466.3782851934434,1630.2121367156506,11.373763803839685,0.0,14.498378509215511,0.1070588759999964,0.2040086330000008,0.3110675089999972
C_MARL|base|trend+seasonal|GW:False|BL:True|MARL:True,C_MARL,base,trend+seasonal,False,True,True,1011,351.7545002996921,0.6077290485779792,0.1333333333333333,113.71851669152578,4179.779892325401,2588.117076575756,330.81031629681576,417.97798923254015,1475.9250757992268,11.649194947481156,0.0,28.083738082809003,0.1176198830000032,0.2007257930000037,0.3183456760000069
C_MARL|base|trend+seasonal|GW:False|BL:True|MARL:True,C_MARL,base,trend+seasonal,False,True,True,2022,330.2237675499916,0.6217434778342914,0.1333333333333333,109.7651903020011,5235.244672298431,2764.132163643837,323.401750804186,523.5244672298431,1574.2945144474506,12.68766361236572,0.0,22.818378099046768,0.1231515989999962,0.2066397339999923,0.3297913329999886
C_MARL|base|trend+seasonal|GW:False|BL:True|MARL:True,C_MARL,base,trend+seasonal,False,True,True,3033,291.06060418128965,0.613045576063689,0.1,112.05919866164524,5032.458297014236,2655.7973538041115,328.10294213593016,503.2458297014237,1520.7857434153557,12.602234370112416,0.0,38.72622348521794,0.0903105209999921,0.194053316999998,0.2843638379999902
C_MARL|base|trend+seasonal|GW:False|BL:True|MARL:True,C_MARL,base,trend+seasonal,False,True,True,4044,192.7886127305032,0.5635015645992076,0.1,111.92895374894142,6146.303182840347,2673.437197476625,326.05068020641806,614.6303182840347,1527.5781094431877,12.38947681248188,0.0,22.15271936068452,0.0781849809999926,0.1627606939999992,0.2409456749999918
C_MARL|base|trend+seasonal|GW:False|BL:True|MARL:True,C_MARL,base,trend+seasonal,False,True,True,5055,475.1326816505193,0.6744947923836133,0.1333333333333333,111.83631331390804,5153.782851934433,2960.0918493270874,327.99498196363413,515.3782851934434,1630.2121367156506,11.373763803839685,0.0,14.649190299951591,0.0902945269999975,0.1692377859999965,0.259532312999994
C_MARL|base|trend+seasonal|GW:False|BL:True|MARL:True,C_MARL,base,trend+seasonal,False,True,True,6066,248.66530616760247,0.5884507793637129,0.1,112.8311842163404,5496.616443991661,2651.074002802372,328.22371178329024,549.6616443991661,1512.2165923118591,12.306748140454292,0.0,17.66900918323461,0.0712020630000012,0.1429993600000045,0.2142014230000057
C_MARL|base|trend+seasonal+shock|GW:False|BL:True|MARL:True,C_MARL,base,trend+seasonal+shock,False,True,True,42,-86.78775151073938,0.4103126310699683,0.1,114.2387722995546,8800.56315267086,2621.9628276228905,329.67081710696203,880.056315267086,1486.959510833025,12.063935926556583,0.0,10.263947551578658,0.0671252879999997,0.1430342089999925,0.2101594969999922
C_MARL|base|trend+seasonal+shock|GW:False|BL:True|MARL:True,C_MARL,base,trend+seasonal+shock,False,True,True,123,-70.30182301998155,0.4115829945972015,0.1,113.0023027492894,8825.992977976799,2666.3797855079174,327.32250992000087,882.5992977976799,1514.5932576358318,12.166543174386025,0.0,7.217204650327496,0.0652525579999974,0.1368394419999958,0.2020919999999932
C_MARL|base|trend+seasonal+shock|GW:False|BL:True|MARL:True,C_MARL,base,trend+seasonal+shock,False,True,True,456,158.34450623095034,0.4840936049548062,0.1,114.46070597171784,8293.56856405735,2934.670461833477,330.6250384771824,829.356856405735,1605.3936505317688,10.950410187840465,0.0,6.540883871671255,0.0642556180000042,0.1377383760000015,0.2019939940000057
C_MARL|base|trend+seasonal+shock|GW:False|BL:True|MARL:True,C_MARL,base,trend+seasonal+shock,False,True,True,789,192.17741517782213,0.4869088471417563,0.1333333333333333,113.95662165284156,7892.286175489426,2931.1898397505283,330.7400729221107,789.2286175489426,1607.9098335206509,11.133900581002235,0.0,5.686996417764027,0.0641592489999993,0.1410562659999925,0.2052155149999919
C_MARL|base|trend+seasonal+shock|GW:False|BL:True|MARL:True,C_MARL,base,trend+seasonal+shock,False,True,True,1011,280.10306361258023,0.4978594480616554,0.1333333333333333,113.36857047743268,7171.056552410126,2961.326973795891,329.7298784160616,717.1056552410126,1623.2537333369255,11.134643189311028,0.0,5.893884308979184,0.0764519089999993,0.1401579599999962,0.2166098689999955
C_MARL|base|trend+seasonal+shock|GW:False|BL:True|MARL:True,C_MARL,base,trend+seasonal+shock,False,True,True,2022,-6.968313072919898,0.4258566652491731,0.1333333333333333,110.32971663806174,8509.536331057549,2743.00207477808,324.08928396225014,850.9536331057548,1562.3251494765282,12.602321306467056,0.0,6.843376911814764,0.0647128809999912,0.1506181430000026,0.2153310239999939
C_MARL|base|trend+seasonal+shock|GW:False|BL:True|MARL:True,C_MARL,base,trend+seasonal+shock,False,True,True,3033,-45.508783060908286,0.4154971790941138,0.1,114.29651692907017,8386.644639134407,2622.3701535463333,330.01778552293763,838.6644639134406,1487.132016211748,12.064670959115029,0.0,8.740121697606304,0.0639754769999996,0.144973235000009,0.2089487120000086
C_MARL|base|trend+seasonal+shock|GW:False|BL:True|MARL:True,C_MARL,base,trend+seasonal+shock,False,True,True,4044,-149.8942459005118,0.3901771698934807,0.1,112.61103766361872,9532.574892640114,2657.678412616253,326.838862566352,953.2574892640116,1515.1919303834438,12.284376302957536,0.0,6.507574814243801,0.0661636810000061,0.1488663519999988,0.215030033000005
C_MARL|base|trend+seasonal+shock|GW:False|BL:True|MARL:True,C_MARL,base,trend+seasonal+shock,False,True,True,5055,130.21741517782206,0.4660217587622576,0.1333333333333333,113.91217720839713,8514.286175489426,2931.1898397505283,330.5000729221107,851.4286175489427,1607.9098335206509,11.133900581002235,0.0,5.371359073231634,0.0646398619999928,0.137318387999997,0.2019582499999899
C_MARL|base|trend+seasonal+shock|GW:False|BL:True|MARL:True,C_MARL,base,trend+seasonal+shock,False,True,True,6066,-77.76826236367236,0.4077471980563549,0.1,113.57240569061705,8734.198390960693,2635.701114654541,329.0251402503255,873.4198390960695,1498.8504723906517,12.17392528116703,0.0,6.675374121598317,0.0616513800000007,0.1351959349999987,0.1968473149999994
C_MARL|serial|trend+seasonal|GW:False|BL:True|MARL:True,C_MARL,serial,trend+seasonal,False,True,True,42,224.772029018402,0.5572291157190884,0.1,37.66824828253852,6274.744323730469,2279.811954498291,75.63787698745728,627.474432373047,1347.5707054138184,4.356910705566406,0.0,1.4367590982951766,0.0561669289999997,0.1311104690000064,0.1872773980000062
C_MARL|serial|trend+seasonal|GW:False|BL:True|MARL:True,C_MARL,serial,trend+seasonal,False,True,True,123,208.5065362930297,0.5445721213088144,0.1,41.32824685838487,6499.766628265381,2174.823236465454,78.06504440307617,649.976662826538,1234.386157989502,3.8888349533081055,0.0,1.85602174057432,0.0546231060000081,0.1279455620000078,0.182568668000016
C_MARL|serial|trend+seasonal|GW:False|BL:True|MARL:True,C_MARL,serial,trend+seasonal,False,True,True,456,246.24686342239377,0.5695991273396595,0.1,37.21944584316677,6138.596446990967,2282.1569442749023,74.71406187057495,613.8596446990966,1342.9931640625,4.343210220336914,0.0,1.0693151036025166,0.0552126850000007,0.1285769969999961,0.1837896819999969
C_MARL|serial|trend+seasonal|GW:False|BL:True|MARL:True,C_MARL,serial,trend+seasonal,False,True,True,789,282.02668739318847,0.5798937052585192,0.1333333333333333,39.49985851711697,5900.198616027832,2175.224018096924,77.13298686981202,590.0198616027832,1222.1778869628906,3.866595268249512,0.0,2.146303224361879,0.0561874160000002,0.1267984330000047,0.1829858490000049
C_MARL|serial|trend+seasonal|GW:False|BL:True|MARL:True,C_MARL,serial,trend+seasonal,False,True,True,1011,456.3952549743651,0.6230074245336275,0.1666666666666666,33.23216167026096,4827.233455657959,2325.7137298583984,71.51909954071044,482.7233455657959,1310.8892440795898,4.186785697937012,0.0,3.0508982446712745,0.0551191910000028,0.1296382300000118,0.1847574210000147
C_MARL|serial|trend+seasonal|GW:False|BL:True|MARL:True,C_MARL,serial,trend+seasonal,False,True,True,2022,237.81491691589355,0.5567442151350368,0.1333333333333333,41.52756538391113,6274.179840087891,2178.57027053833,78.96169631958008,627.4179840087891,1230.527114868164,3.84855842590332,0.0,2.3888370076158094,0.0572912810000048,0.1291709829999945,0.1864622639999993
C_MARL|serial|trend+seasonal|GW:False|BL:True|MARL:True,C_MARL,serial,trend+seasonal,False,True,True,3033,274.97025884628295,0.5771042331008335,0.1,37.717235480414494,5793.94645690918,2282.4370861053467,75.80945669174194,579.3946456909181,1347.9050159454346,4.357708930969238,0.0,1.525326686470765,0.0560056189999897,0.1257773419999921,0.1817829609999819
C_MARL|serial|trend+seasonal|GW:False|BL:True|MARL:True,C_MARL,serial,trend+seasonal,False,True,True,4044,140.33192388534542,0.52127407201381,0.1,38.70790625678168,7033.297958374023,2270.6090450286865,76.74392183303833,703.3297958374022,1345.8527088165283,4.35069465637207,0.0,0.978481558499317,0.0550769919999964,0.128334983000002,0.1834119749999985
C_MARL|serial|trend+seasonal|GW:False|BL:True|MARL:True,C_MARL,serial,trend+seasonal,False,True,True,5055,239.67416858673093,0.5436645090398817,0.1333333333333333,38.900000466240776,6354.676250457764,2181.694269180298,76.4076753616333,635.4676250457765,1226.2659549713137,3.87884521484375,0.0,2.155404426668737,0.0535687569999936,0.1264486909999931,0.1800174479999867
C_MARL|serial|trend+seasonal|GW:False|BL:True|MARL:True,C_MARL,serial,trend+seasonal,False,True,True,6066,216.22308414459224,0.5507794942157064,0.1,38.26071891784668,6344.044437408447,2280.177068710327,76.97762996673583,634.4044437408447,1348.2133388519287,4.358572006225586,0.0,0.7576226336366848,0.054982240000001,0.1262363179999965,0.1812185579999976
C_MARL|serial|trend+seasonal+shock|GW:False|BL:True|MARL:True,C_MARL,serial,trend+seasonal+shock,False,True,True,42,-101.04784097671518,0.390634433457137,0.1,39.61819966634115,9494.356979370115,2321.7533588409424,77.7498106956482,949.4356979370116,1391.1770343780518,4.438656806945801,0.0,0.4306062190647154,0.0532996470000028,0.1293352120000008,0.1826348590000037
C_MARL|serial|trend+seasonal+shock|GW:False|BL:True|MARL:True,C_MARL,serial,trend+seasonal+shock,False,True,True,123,-158.71110162734988,0.3773050764303051,0.1,43.06031333075629,9736.110340118408,2298.795509338379,82.62384080886841,973.6110340118408,1396.7796325683594,4.492103576660156,0.0,0.2648184570487873,0.0524668709999929,0.1274885359999871,0.17995540699998
C_MARL|serial|trend+seasonal+shock|GW:False|BL:True|MARL:True,C_MARL,serial,trend+seasonal+shock,False,True,True,456,-94.43445075988774,0.3928749084472656,0.1,39.33528039720324,9425.721168518066,2319.8846340179443,77.13797248840332,942.5721168518064,1390.1766777038574,4.432317733764648,0.0,0.4189615675879051,0.0538146609999898,0.1279583439999925,0.1817730049999824
C_MARL|serial|trend+seasonal+shock|GW:False|BL:True|MARL:True,C_MARL,serial,trend+seasonal+shock,False,True,True,789,-48.749152507782014,0.4003044089177879,0.1333333333333333,40.05828675164117,9059.994354248049,2319.090986251831,79.45759519577027,905.9994354248048,1378.0100345611572,4.373073577880859,0.0,0.3587327241846178,0.0530874459999921,0.1257795190000052,0.1788669649999974
C_MARL|serial|trend+seasonal+shock|GW:False|BL:True|MARL:True,C_MARL,serial,trend+seasonal+shock,False,True,True,1011,123.9335924911498,0.42502784445594,0.1666666666666666,33.96176914638943,8054.266510009766,2340.630865097046,70.58774787902831,805.4266510009766,1336.4468574523926,4.236016273498535,0.0,0.6262660251662835,0.0539414830000026,0.1263166689999906,0.1802581519999933
C_MARL|serial|trend+seasonal+shock|GW:False|BL:True|MARL:True,C_MARL,serial,trend+seasonal+shock,False,True,True,2022,-142.61923768997195,0.3813053070640014,0.1333333333333333,43.61278805202908,9563.145462036133,2303.9291381835938,84.44196908950806,956.3145462036132,1401.2675762176514,4.524284362792969,0.0,0.2470864419340803,0.0530473319999913,0.1301229759999955,0.1831703079999869
C_MARL|serial|trend+seasonal+shock|GW:False|BL:True|MARL:True,C_MARL,serial,trend+seasonal+shock,False,True,True,3033,-61.808179340362585,0.3950877496373584,0.1,39.82642610338,9083.246494293213,2323.762989044189,78.20033346176147,908.3246494293212,1394.5974349975586,4.4487504959106445,0.0,0.3822092135716257,0.077689282999998,0.1767879460000045,0.2544772290000026
C_MARL|serial|trend+seasonal+shock|GW:False|BL:True|MARL:True,C_MARL,serial,trend+seasonal+shock,False,True,True,4044,-209.55976398468027,0.3637917532927343,0.1,41.09580078125,10395.240306854248,2311.614799499512,79.85228927612305,1039.5240306854248,1397.334623336792,4.463620185852051,0.0,0.2654784100376169,0.0594886250000001,0.1409821279999903,0.2004707529999905
C_MARL|serial|trend+seasonal+shock|GW:False|BL:True|MARL:True,C_MARL,serial,trend+seasonal+shock,False,True,True,5055,-95.28388242721564,0.3863357458101211,0.1333333333333333,39.250409020317925,9620.85820388794,2332.8468322753906,78.34685716629028,962.085820388794,1383.30717086792,4.390866279602051,0.0,0.3835375387291722,0.0552267189999895,0.1283167509999998,0.1835434699999893
C_MARL|serial|trend+seasonal+shock|GW:False|BL:True|MARL:True,C_MARL,serial,trend+seasonal+shock,False,True,True,6066,-110.02571918487558,0.3862979418910335,0.1,40.48765970865885,9521.165325164797,2326.015949249268,79.65734416961669,952.1165325164797,1399.8032569885254,4.464534759521484,0.0,0.301071522991829,0.0645068469999898,0.1325020240000043,0.1970088709999942
D_WalmartM5|base|M5_volatile|GW:False|BL:True|MARL:False,D_WalmartM5,base,M5_volatile,False,True,False,42,673.589930806741,1.0,1.0,145.11376976503544,0.0,2900.751804798841,511.0592594546228,0.0,1703.1565428972244,12.946071640253068,0.0,2.329944033121206,0.0651215099999973,0.1404794440000074,0.2056009540000047
D_WalmartM5|base|M5_volatile|GW:False|BL:True|MARL:False,D_WalmartM5,base,M5_volatile,False,True,False,123,673.589930806741,1.0,1.0,145.11376976503544,0.0,2900.751804798841,511.0592594546228,0.0,1703.1565428972244,12.946071640253068,0.0,2.329944033121206,0.0643781680000046,0.140303295999999,0.2046814640000036
D_WalmartM5|base|M5_volatile|GW:False|BL:True|MARL:False,D_WalmartM5,base,M5_volatile,False,True,False,456,673.589930806741,1.0,1.0,145.11376976503544,0.0,2900.751804798841,511.0592594546228,0.0,1703.1565428972244,12.946071640253068,0.0,2.329944033121206,0.0666368629999993,0.1382511599999958,0.2048880229999952
D_WalmartM5|base|M5_volatile|GW:False|BL:True|MARL:False,D_WalmartM5,base,M5_volatile,False,True,False,789,673.589930806741,1.0,1.0,145.11376976503544,0.0,2900.751804798841,511.0592594546228,0.0,1703.1565428972244,12.946071640253068,0.0,2.329944033121206,0.066678306,0.1370216749999997,0.2036999809999997
D_WalmartM5|base|M5_volatile|GW:False|BL:True|MARL:False,D_WalmartM5,base,M5_volatile,False,True,False,1011,673.589930806741,1.0,1.0,145.11376976503544,0.0,2900.751804798841,511.0592594546228,0.0,1703.1565428972244,12.946071640253068,0.0,2.329944033121206,0.0622486370000103,0.1354522399999922,0.1977008770000026
D_WalmartM5|base|M5_volatile|GW:False|BL:True|MARL:False,D_WalmartM5,base,M5_volatile,False,True,False,2022,673.589930806741,1.0,1.0,145.11376976503544,0.0,2900.751804798841,511.0592594546228,0.0,1703.1565428972244,12.946071640253068,0.0,2.329944033121206,0.0570417929999962,0.1423852340000024,0.1994270269999987
D_WalmartM5|base|M5_volatile|GW:False|BL:True|MARL:False,D_WalmartM5,base,M5_volatile,False,True,False,3033,673.589930806741,1.0,1.0,145.11376976503544,0.0,2900.751804798841,511.0592594546228,0.0,1703.1565428972244,12.946071640253068,0.0,2.329944033121206,0.0650766269999962,0.138871739999999,0.2039483669999953
D_WalmartM5|base|M5_volatile|GW:False|BL:True|MARL:False,D_WalmartM5,base,M5_volatile,False,True,False,4044,673.589930806741,1.0,1.0,145.11376976503544,0.0,2900.751804798841,511.0592594546228,0.0,1703.1565428972244,12.946071640253068,0.0,2.329944033121206,0.0574210130000096,0.1329585699999995,0.1903795830000092
D_WalmartM5|base|M5_volatile|GW:False|BL:True|MARL:False,D_WalmartM5,base,M5_volatile,False,True,False,5055,673.589930806741,1.0,1.0,145.11376976503544,0.0,2900.751804798841,511.0592594546228,0.0,1703.1565428972244,12.946071640253068,0.0,2.329944033121206,0.0595929140000066,0.1357295839999892,0.1953224979999959
D_WalmartM5|base|M5_volatile|GW:False|BL:True|MARL:False,D_WalmartM5,base,M5_volatile,False,True,False,6066,673.589930806741,1.0,1.0,145.11376976503544,0.0,2900.751804798841,511.0592594546228,0.0,1703.1565428972244,12.946071640253068,0.0,2.329944033121206,0.0599129309999995,0.1443079919999945,0.204220922999994
D_WalmartM5|serial|M5_volatile|GW:False|BL:True|MARL:False,D_WalmartM5,serial,M5_volatile,False,True,False,42,458.641718402474,0.6336193084716797,0.7666666666666667,87.31728981372308,773.6239278638682,1540.7063007354736,175.0563469944278,77.36239278638682,827.0083904266357,2.6374521255493164,0.0,0.3376483258876128,0.0609525560000037,0.1246780789999917,0.1856306349999954
D_WalmartM5|serial|M5_volatile|GW:False|BL:True|MARL:False,D_WalmartM5,serial,M5_volatile,False,True,False,123,458.641718402474,0.6336193084716797,0.7666666666666667,87.31728981372308,773.6239278638682,1540.7063007354736,175.0563469944278,77.36239278638682,827.0083904266357,2.6374521255493164,0.0,0.3376483258876128,0.0517766599999873,0.1320498259999993,0.1838264859999867
D_WalmartM5|serial|M5_volatile|GW:False|BL:True|MARL:False,D_WalmartM5,serial,M5_volatile,False,True,False,456,458.641718402474,0.6336193084716797,0.7666666666666667,87.31728981372308,773.6239278638682,1540.7063007354736,175.0563469944278,77.36239278638682,827.0083904266357,2.6374521255493164,0.0,0.3376483258876128,0.0557432169999998,0.1217343489999933,0.1774775659999932
D_WalmartM5|serial|M5_volatile|GW:False|BL:True|MARL:False,D_WalmartM5,serial,M5_volatile,False,True,False,789,458.641718402474,0.6336193084716797,0.7666666666666667,87.31728981372308,773.6239278638682,1540.7063007354736,175.0563469944278,77.36239278638682,827.0083904266357,2.6374521255493164,0.0,0.3376483258876128,0.0642656739999978,0.1558969120000028,0.2201625860000007
D_WalmartM5|serial|M5_volatile|GW:False|BL:True|MARL:False,D_WalmartM5,serial,M5_volatile,False,True,False,1011,458.641718402474,0.6336193084716797,0.7666666666666667,87.31728981372308,773.6239278638682,1540.7063007354736,175.0563469944278,77.36239278638682,827.0083904266357,2.6374521255493164,0.0,0.3376483258876128,0.0644657039999998,0.1382239309999988,0.2026896349999987
D_WalmartM5|serial|M5_volatile|GW:False|BL:True|MARL:False,D_WalmartM5,serial,M5_volatile,False,True,False,2022,458.641718402474,0.6336193084716797,0.7666666666666667,87.31728981372308,773.6239278638682,1540.7063007354736,175.0563469944278,77.36239278638682,827.0083904266357,2.6374521255493164,0.0,0.3376483258876128,0.0714281879999987,0.1748602360000006,0.2462884239999994
D_WalmartM5|serial|M5_volatile|GW:False|BL:True|MARL:False,D_WalmartM5,serial,M5_volatile,False,True,False,3033,458.641718402474,0.6336193084716797,0.7666666666666667,87.31728981372308,773.6239278638682,1540.7063007354736,175.0563469944278,77.36239278638682,827.0083904266357,2.6374521255493164,0.0,0.3376483258876128,0.0731775269999985,0.141463477000002,0.2146410040000006
D_WalmartM5|serial|M5_volatile|GW:False|BL:True|MARL:False,D_WalmartM5,serial,M5_volatile,False,True,False,4044,458.641718402474,0.6336193084716797,0.7666666666666667,87.31728981372308,773.6239278638682,1540.7063007354736,175.0563469944278,77.36239278638682,827.0083904266357,2.6374521255493164,0.0,0.3376483258876128,0.0621641409999966,0.146989646999998,0.2091537879999947
D_WalmartM5|serial|M5_volatile|GW:False|BL:True|MARL:False,D_WalmartM5,serial,M5_volatile,False,True,False,5055,458.641718402474,0.6336193084716797,0.7666666666666667,87.31728981372308,773.6239278638682,1540.7063007354736,175.0563469944278,77.36239278638682,827.0083904266357,2.6374521255493164,0.0,0.3376483258876128,0.0586493269999977,0.1234001790000007,0.1820495059999984
D_WalmartM5|serial|M5_volatile|GW:False|BL:True|MARL:False,D_WalmartM5,serial,M5_volatile,False,True,False,6066,458.641718402474,0.6336193084716797,0.7666666666666667,87.31728981372308,773.6239278638682,1540.7063007354736,175.0563469944278,77.36239278638682,827.0083904266357,2.6374521255493164,0.0,0.33764832588761284,0.06661578300000315,0.15855433599999458,0.22517011899999773
